,Unnamed: 0,accNowDelinq,accOpenPast24Mths,acceptD,addrState,addrZip,allUtil,annualInc,annualIncJoint,applicationType,avgCurBal,bcOpenToBuy,bcUtil,chargeoffWithin12Mths,collections12MthsExMed,creditPullD,delinq2Yrs,delinqAmnt,desc,disbursementMethod,dti,dtiJoint,earliestCrLine,empLength,empTitle,expD,expDefaultRate,ficoRangeHigh,ficoRangeLow,fundedAmount,grade,homeOwnership,housingPayment,iLUtil,id,ilsExpD,initialListStatus,inqFi,inqLast12m,inqLast6Mths,installment,intRate,investorCount,isIncV,isIncVJoint,listD,loanAmount,maxBalBc,memberId,moSinOldIlAcct,moSinOldRevTlOp,moSinRcntRevTlOp,moSinRcntTl,mortAcc,mtgPayment,mthsSinceLastDelinq,mthsSinceLastMajorDerog,mthsSinceLastRecord,mthsSinceRcntIl,mthsSinceRecentBc,mthsSinceRecentBcDlq,mthsSinceRecentInq,mthsSinceRecentRevolDelinq,numAcctsEver120Ppd,numActvBcTl,numActvRevTl,numBcSats,numBcTl,numIlTl,numOpRevTl,numRevAccts,numRevTlBalGt0,numSats,numTl120dpd2m,numTl30dpd,numTl90gDpd24m,numTlOpPast12m,openAcc,openAcc6m,openActIl,openIl12m,openIl24m,openRv12m,openRv24m,pctTlNvrDlq,percentBcGt75,pubRec,pubRecBankruptcies,purpose,reviewStatus,reviewStatusD,revolBal,revolBalJoint,revolUtil,secAppChargeoffWithin12Mths,secAppCollections12MthsExMed,secAppEarliestCrLine,secAppFicoRangeHigh,secAppFicoRangeLow,secAppInqLast6Mths,secAppMortAcc,secAppMthsSinceLastMajorDerog,secAppNumRevAccts,secAppOpenAcc,secAppOpenActIl,secAppRevolUtil,serviceFeeRate,subGrade,taxLiens,term,totCollAmt,totCurBal,totHiCredLim,totalAcc,totalBalExMort,totalBalIl,totalBcLimit,totalCuTl,totalIlHighCreditLimit,totalRevHiLim
0,0,0,18,2018-04-13T09:41:01.000-07:00,TX,750xx,25.9,79000.0,,INDIVIDUAL,674,19693.0,12.9,0,0,2018-04-13T09:33:19.000-07:00,1,0.0,,CASH,18.35,,1976-07-12T17:00:00.000-07:00,120.0,Collector,2018-05-28T09:41:02.000-07:00,6.8,669,665,5225.0,C,OWN,,39.9,131525815,2018-05-01T10:00:00.000-07:00,F,2,5,0,237.82,13.58,,NOT_VERIFIED,,2018-05-01T10:00:00.000-07:00,7000.0,1043.0,147475995,328.0,501,1,1,1,0.0,20.0,20.0,,36.0,7.0,58.0,3.0,20.0,6,7,15,9,16,12,30,51,15,32,0.0,0,1,6,32,2,2,0,0,6,18,87,0.0,0,0,debt_consolidation,APPROVED,2018-05-01T08:14:22.000-07:00,7669.0,,16.8,,,,,,,,,,,,,1.13,C2,0,36,3245,19548,75475,64,19548,11879.0,22600,6,29775,45700
1,1,0,2,2018-04-21T10:45:59.000-07:00,AR,720xx,11.1,62000.0,,INDIVIDUAL,7670,13538.0,1.2,0,0,2018-04-21T10:41:29.000-07:00,0,0.0,,CASH,12.85,,2009-06-20T17:00:00.000-07:00,108.0,Mental Health Technician,2018-05-31T10:00:00.000-07:00,1.86,819,815,3300.0,A,RENT,1300.0,19.2,132031020,2018-05-01T10:00:00.000-07:00,F,0,0,0,140.94,7.96,,SOURCE_VERIFIED,,2018-05-01T10:00:00.000-07:00,4500.0,162.0,148190637,103.0,106,7,7,0,0.0,,,,22.0,7.0,,20.0,,0,1,1,3,5,10,4,7,1,7,0.0,0,0,1,7,0,3,0,1,1,1,100,0.0,0,0,medical,APPROVED,2018-05-01T09:30:28.000-07:00,162.0,,1.2,,,,,,,,,,,,,0.83,A5,0,36,0,46020,81949,17,46020,45858.0,13700,4,68249,13700
2,2,0,0,2018-04-18T19:10:55.000-07:00,WA,985xx,66.6,18000.0,,INDIVIDUAL,1015,463.0,88.4,0,0,2018-04-18T19:06:47.000-07:00,0,0.0,,CASH,10.8,,2006-11-18T16:00:00.000-08:00,,,2018-05-31T10:00:00.000-07:00,3.8,714,710,1250.0,B,OWN,,,131920399,2018-05-01T10:00:00.000-07:00,F,0,0,0,194.77,10.41,,SOURCE_VERIFIED,,2018-05-01T10:00:00.000-07:00,6000.0,3278.0,147888275,,137,102,102,0,0.0,,,,,102.0,,,,0,2,3,2,2,0,4,4,3,4,0.0,0,0,0,4,0,0,0,0,0,0,100,50.0,0,0,debt_consolidation,APPROVED,2018-05-01T08:48:53.000-07:00,4061.0,,66.6,,,,,,,,,,,,,0.96,B3,0,36,0,4061,6100,4,4061,0.0,4000,0,0,6100
3,3,0,1,2018-04-27T07:56:14.000-07:00,ND,585xx,89.9,50000.0,,INDIVIDUAL,4851,55.0,98.6,0,0,2018-04-27T07:51:28.000-07:00,0,0.0,,CASH,12.94,,2005-12-26T16:00:00.000-08:00,24.0,Operator,2018-05-31T10:00:00.000-07:00,6.8,674,670,2125.0,C,MORTGAGE,440.0,94.8,132365612,2018-05-01T10:00:00.000-07:00,F,3,5,0,85.53,14.07,,SOURCE_VERIFIED,,2018-05-01T10:00:00.000-07:00,2500.0,2561.0,148756776,10.0,148,67,10,1,0.0,33.0,,,10.0,67.0,33.0,10.0,33.0,0,2,3,2,3,1,4,8,3,5,0.0,0,0,1,5,0,1,1,1,0,0,80,100.0,0,0,other,APPROVED,2018-05-01T08:36:54.000-07:00,4278.0,,72.5,,,,,,,,,,,,,1.13,C3,0,36,0,24256,26972,10,24256,19978.0,3900,0,21072,5900
4,4,0,5,2018-04-25T11:31:15.000-07:00,CA,910xx,90.0,34000.0,106000.0,JOINT,5065,4944.0,56.6,0,0,2018-04-23T16:59:31.000-07:00,0,0.0,,CASH,8.82,6.96,2012-08-22T17:00:00.000-07:00,0.0,Customer Relations,2018-05-31T10:00:00.000-07:00,14.72,669,665,3675.0,E,RENT,2450.0,106.4,131846572,2018-05-01T10:00:00.000-07:00,F,1,5,0,193.29,22.9,,VERIFIED,VERIFIED,2018-05-01T10:00:00.000-07:00,5000.0,2008.0,148301288,68.0,65,0,0,0,0.0,,,,68.0,0.0,,0.0,,0,4,5,6,6,2,8,9,5,10,0.0,0,0,3,10,2,2,0,0,3,5,100,33.3,0,0,credit_card,APPROVED,2018-05-01T06:43:13.000-07:00,7566.0,10796.0,47.9,0.0,0.0,2011-11-17T16:00:00.000-08:00,604.0,600.0,2.0,0.0,,9.0,14.0,7.0,51.2,1.58,E1,0,36,0,50647,56300,11,50647,43081.0,11400,0,40500,15800
5,5,0,1,2018-04-23T13:53:41.000-07:00,GA,305xx,0.0,24440.0,,INDIVIDUAL,0,7500.0,0.0,0,0,2018-04-23T13:43:09.000-07:00,0,0.0,,CASH,0.0,,2001-06-22T17:00:00.000-07:00,0.0,Debone,2018-05-31T10:00:00.000-07:00,3.8,734,730,2350.0,B,RENT,375.0,,132141170,2018-05-01T10:00:00.000-07:00,F,0,1,1,211.0,10.41,,SOURCE_VERIFIED,,2018-05-01T10:00:00.000-07:00,6500.0,0.0,148291340,,202,2,2,0,0.0,,,,,202.0,,2.0,,0,0,0,1,1,0,2,2,0,2,0.0,0,0,1,2,1,0,0,0,1,1,100,0.0,0,0,other,APPROVED,2018-05-01T08:49:05.000-07:00,0.0,,0.0,,,,,,,,,,,,,0.96,B3,0,36,0,0,13500,2,0,0.0,7500,0,0,13500
6,6,0,15,2018-04-23T11:07:26.000-07:00,VA,236xx,78.2,45000.0,165000.0,JOINT,14623,8748.0,67.8,0,1,2018-04-23T10:56:07.000-07:00,1,0.0,,CASH,70.83,25.37,1993-05-22T17:00:00.000-07:00,72.0,Continuing Education Manager,2018-05-31T10:00:00.000-07:00,6.8,669,665,3125.0,C,MORTGAGE,2347.0,84.8,132120650,2018-05-01T10:00:00.000-07:00,F,0,2,0,527.43,16.01,,SOURCE_VERIFIED,SOURCE_VERIFIED,2018-05-01T10:00:00.000-07:00,15000.0,6278.0,148260676,149.0,299,5,5,2,2359.5,7.0,71.0,,7.0,5.0,7.0,7.0,7.0,2,8,13,10,14,21,17,25,13,30,0.0,0,0,6,30,2,12,2,6,4,8,95,70.0,0,0,debt_consolidation,APPROVED,2018-05-01T08:51:08.000-07:00,29292.0,67717.0,59.7,0.0,0.0,2003-05-22T17:00:00.000-07:00,674.0,670.0,0.0,2.0,,20.0,20.0,6.0,62.8,1.13,C5,0,36,0,438694,494777,48,146616,117324.0,27200,7,138314,49100
7,7,0,6,2018-04-25T05:12:10.000-07:00,CO,810xx,56.2,60000.0,,INDIVIDUAL,4100,7424.0,32.5,0,0,2018-04-25T05:05:44.000-07:00,0,0.0,,CASH,14.84,,1999-04-24T17:00:00.000-07:00,84.0,Management,2018-05-31T10:00:00.000-07:00,1.86,694,690,3350.0,A,RENT,1050.0,85.8,132247253,2018-05-01T10:00:00.000-07:00,F,1,2,1,307.45,6.71,,VERIFIED,,2018-05-01T10:00:00.000-07:00,10000.0,3200.0,148449107,112.0,228,7,4,1,0.0,26.0,41.0,,4.0,7.0,41.0,4.0,41.0,4,2,3,2,7,5,5,13,3,7,0.0,0,0,5,7,1,2,2,2,3,4,73,0.0,0,0,credit_card,APPROVED,2018-05-01T07:28:33.000-07:00,4276.0,,18.9,,,,,,,,,,,,,0.83,A3,0,36,0,28703,51076,19,28703,24427.0,11000,1,28476,22600
8,8,0,8,2018-04-24T11:03:15.000-07:00,CA,917xx,52.9,40000.0,,INDIVIDUAL,2277,4969.0,64.5,0,0,2018-04-18T14:00:16.000-07:00,0,0.0,,CASH,34.5,,2012-11-17T16:00:00.000-08:00,60.0,Sales,2018-05-31T10:00:00.000-07:00,6.8,704,700,3275.0,C,RENT,800.0,61.1,131865401,2018-05-01T10:00:00.000-07:00,F,0,1,0,562.6,16.01,,VERIFIED,,2018-05-01T10:00:00.000-07:00,16000.0,4612.0,147772160,47.0,65,7,7,0,0.0,,,,13.0,7.0,,8.0,,0,5,7,5,5,3,11,11,7,13,0.0,0,0,3,13,0,2,0,2,3,6,100,20.0,0,0,debt_consolidation,APPROVED,2018-05-01T08:55:55.000-07:00,11648.0,,43.8,,,,,,,,,,,,,1.13,C5,0,36,0,29596,55969,14,29596,17948.0,14000,0,29369,26600
9,9,0,16,2018-04-25T14:40:10.000-07:00,MD,211xx,72.6,105000.0,250000.0,JOINT,24355,27520.0,2.4,0,0,2018-04-25T14:35:12.000-07:00,0,0.0,,CASH,36.18,25.91,1994-05-24T17:00:00.000-07:00,120.0,Branch Manager,2018-05-31T10:00:00.000-07:00,1.86,729,725,4950.0,A,MORTGAGE,0.0,83.0,132269767,2018-05-01T10:00:00.000-07:00,F,2,5,2,465.5,7.34,,SOURCE_VERIFIED,SOURCE_VERIFIED,2018-05-01T10:00:00.000-07:00,15000.0,604.0,148536977,142.0,173,3,2,2,1966.67,,,,2.0,6.0,,3.0,,0,2,6,5,14,22,10,26,6,24,0.0,0,0,7,24,4,11,5,8,2,7,100,0.0,0,0,credit_card,APPROVED,2018-05-01T08:22:46.000-07:00,32250.0,94601.0,49.2,0.0,0.0,2002-08-24T17:00:00.000-07:00,679.0,675.0,5.0,3.0,68.0,51.0,24.0,7.0,39.3,0.83,A4,0,36,0,511461,578961,52,154246,121996.0,28200,6,146938,65600
10,10,0,2,2018-04-24T13:42:18.000-07:00,NC,273xx,74.7,35000.0,110000.0,JOINT,4721,2247.0,75.8,0,0,2018-04-24T11:47:23.000-07:00,0,0.0,,CASH,58.78,21.88,1998-12-23T16:00:00.000-08:00,60.0,Teacher,2018-05-31T10:00:00.000-07:00,5.71,739,735,7250.0,C,RENT,0.0,77.5,132191781,2018-05-01T10:00:00.000-07:00,F,1,0,0,541.3,12.61,,VERIFIED,SOURCE_VERIFIED,2018-05-01T10:00:00.000-07:00,24000.0,6475.0,148362245,216.0,232,34,9,0,0.0,38.0,,,9.0,34.0,38.0,16.0,38.0,0,2,2,2,3,21,3,4,2,16,0.0,0,0,1,16,0,13,1,2,0,0,92,50.0,0,0,debt_consolidation,APPROVED,2018-05-01T08:59:42.000-07:00,7053.0,22811.0,55.1,0.0,0.0,1998-12-23T16:00:00.000-08:00,699.0,695.0,0.0,0.0,,8.0,9.0,3.0,58.7,0.78,C1,0,60,0,75533,101130,25,75533,68480.0,9300,0,88330,12800
11,11,0,5,2018-04-23T17:48:21.000-07:00,OH,432xx,17.8,96000.0,,INDIVIDUAL,13703,15544.0,22.7,0,0,2018-04-23T02:11:43.000-07:00,0,0.0,,CASH,2.03,,2014-02-22T16:00:00.000-08:00,12.0,Truck driver,2018-05-31T10:00:00.000-07:00,1.86,699,695,11325.0,A,RENT,600.0,,132099851,2018-05-01T10:00:00.000-07:00,F,1,0,0,1096.13,7.96,,SOURCE_VERIFIED,,2018-05-01T10:00:00.000-07:00,35000.0,3251.0,148239740,,50,17,17,2,1160.8,,,,,20.0,,22.0,,0,3,4,4,5,0,8,9,4,9,0.0,0,0,0,9,0,0,0,0,0,5,100,25.0,0,0,major_purchase,APPROVED,2018-05-01T07:04:16.000-07:00,5556.0,,17.8,,,,,,,,,,,,,0.83,A5,0,36,1085,123323,155899,11,5556,0.0,20100,0,0,31200
12,12,0,2,2018-04-24T08:42:18.000-07:00,NV,891xx,47.3,85000.0,,INDIVIDUAL,18420,63201.0,44.6,0,0,2018-04-24T08:39:06.000-07:00,0,0.0,,CASH,32.41,,2000-08-23T17:00:00.000-07:00,,,2018-05-31T10:00:00.000-07:00,5.71,744,740,10600.0,C,MORTGAGE,1468.0,59.8,132188144,2018-05-01T10:00:00.000-07:00,F,0,0,0,824.57,16.01,,VERIFIED,,2018-05-01T10:00:00.000-07:00,33900.0,14686.0,148326538,122.0,212,12,12,3,1377.71,,,,25.0,12.0,,23.0,,0,8,9,10,14,5,13,17,9,16,0.0,0,0,1,16,0,2,0,0,1,2,100,0.0,0,0,debt_consolidation,APPROVED,2018-05-01T09:18:17.000-07:00,51138.0,,41.5,,,,,,,,,,,,,0.78,C5,0,60,0,294720,401943,26,84935,33797.0,114100,0,56543,123100
13,13,0,4,2018-04-30T08:18:04.000-07:00,CA,913xx,70.2,69000.0,114000.0,JOINT,28485,7140.0,71.6,0,0,2018-04-30T08:01:26.000-07:00,0,0.0,,CASH,25.53,18.56,1981-02-27T16:00:00.000-08:00,36.0,Credentialing Supervisor,2018-05-31T10:00:00.000-07:00,11.12,704,700,7725.0,D,MORTGAGE,1854.0,77.8,132513212,2018-05-01T10:00:00.000-07:00,F,4,5,0,287.1,17.47,,NOT_VERIFIED,NOT_VERIFIED,2018-05-01T10:00:00.000-07:00,8000.0,13431.0,148877971,78.0,118,26,3,1,1859.15,,,,3.0,26.0,,3.0,,0,4,5,5,5,6,7,7,5,13,0.0,0,0,2,13,1,4,2,3,0,0,100,40.0,0,0,debt_consolidation,APPROVED,2018-05-01T07:35:37.000-07:00,18084.0,22395.0,58.3,0.0,0.0,2008-06-29T17:00:00.000-07:00,654.0,650.0,0.0,1.0,34.0,5.0,8.0,3.0,89.4,1.36,D1,0,36,0,341816,372593,15,55837,37753.0,25100,1,48553,31000
14,14,0,6,2018-04-30T18:35:26.000-07:00,CA,921xx,51.4,140000.0,140000.0,JOINT,15700,27135.0,58.9,0,0,2018-04-30T18:23:11.000-07:00,0,0.0,,CASH,15.16,19.18,2008-04-30T17:00:00.000-07:00,120.0,District Manager,2018-05-31T10:00:00.000-07:00,15.63,674,670,23625.0,E,MORTGAGE,1246.0,51.4,132536868,2018-05-01T10:00:00.000-07:00,F,0,4,1,729.56,26.77,,NOT_VERIFIED,NOT_VERIFIED,2018-05-01T10:00:00.000-07:00,24000.0,9174.0,148913830,120.0,118,6,3,4,1262.33,,,,3.0,6.0,,2.0,,0,9,12,12,14,6,17,22,12,22,0.0,0,0,5,22,2,3,2,2,2,3,100,33.3,0,0,credit_card,APPROVED,2018-05-01T08:40:35.000-07:00,44086.0,68209.0,51.4,0.0,0.0,2009-05-31T17:00:00.000-07:00,679.0,675.0,0.0,0.0,,14.0,12.0,0.0,53.2,1.26,E5,0,60,0,329701,392172,33,63594,19508.0,66000,4,37972,85700
15,15,0,5,2018-04-29T20:48:55.000-07:00,CA,925xx,32.2,43000.0,,INDIVIDUAL,656,1353.0,49.9,0,0,2018-04-29T20:43:27.000-07:00,5,0.0,,CASH,5.19,,2001-12-29T16:00:00.000-08:00,120.0,pharmacy Technicain,2018-05-31T10:00:00.000-07:00,6.8,689,685,1100.0,C,RENT,500.0,74.4,132498258,2018-05-01T10:00:00.000-07:00,F,0,1,0,86.72,15.04,,NOT_VERIFIED,,2018-05-01T10:00:00.000-07:00,2500.0,1109.0,148861882,196.0,182,6,6,0,0.0,13.0,16.0,,84.0,18.0,16.0,10.0,16.0,5,2,5,3,4,6,7,10,5,9,0.0,0,2,4,9,2,2,0,0,4,5,50,33.3,0,0,medical,APPROVED,2018-05-01T08:02:23.000-07:00,2163.0,,16.3,,,,,,,,,,,,,1.13,C4,0,36,1457,5901,18325,16,5901,3738.0,2700,0,5025,13300
16,16,0,1,2018-04-30T11:45:19.000-07:00,OH,442xx,68.2,20000.0,,INDIVIDUAL,1409,1698.0,71.2,0,0,2018-04-30T11:41:26.000-07:00,0,0.0,,CASH,9.12,,2010-06-29T17:00:00.000-07:00,0.0,Server,2018-05-31T10:00:00.000-07:00,6.8,699,695,1525.0,C,OWN,,,132527288,2018-05-01T10:00:00.000-07:00,F,0,2,1,101.93,13.58,,SOURCE_VERIFIED,,2018-05-01T10:00:00.000-07:00,3000.0,3311.0,148889209,,94,6,6,0,0.0,,,,,58.0,,6.0,,0,2,3,2,2,0,3,3,3,3,0.0,0,0,1,3,1,0,0,0,1,1,100,50.0,0,0,moving,APPROVED,2018-05-01T08:39:05.000-07:00,4228.0,,68.2,,,,,,,,,,,,,1.13,C2,0,36,0,4228,6200,3,4228,0.0,5900,0,0,6200
17,17,0,4,2018-04-30T14:42:16.000-07:00,NE,688xx,48.3,33000.0,,INDIVIDUAL,574,3978.0,49.6,0,0,2018-04-29T18:48:06.000-07:00,1,0.0,,CASH,9.89,,2009-08-29T17:00:00.000-07:00,120.0,Dept manager,2018-05-31T10:00:00.000-07:00,6.8,664,660,3275.0,C,RENT,800.0,,132489019,2018-05-01T10:00:00.000-07:00,F,0,0,0,171.06,14.07,,NOT_VERIFIED,,2018-05-01T10:00:00.000-07:00,5000.0,1896.0,148852634,104.0,34,13,13,0,0.0,11.0,77.0,,56.0,15.0,,15.0,,1,4,7,5,6,5,8,9,7,8,0.0,0,0,0,8,0,0,0,0,0,4,85,60.0,0,0,credit_card,APPROVED,2018-05-01T08:41:26.000-07:00,4588.0,,48.3,,,,,,,,,,,,,1.13,C3,0,36,0,4588,9500,14,4588,0.0,7900,0,0,9500
18,18,0,3,2018-04-30T21:47:55.000-07:00,CA,914xx,37.9,15000.0,,INDIVIDUAL,1241,10604.0,40.8,0,0,2018-04-30T21:34:06.000-07:00,0,0.0,,CASH,28.0,,2013-09-30T17:00:00.000-07:00,120.0,Merchandise ,2018-05-31T10:00:00.000-07:00,6.8,679,675,1425.0,C,MORTGAGE,600.0,53.2,132557460,2018-05-01T10:00:00.000-07:00,F,2,4,1,117.28,12.61,,SOURCE_VERIFIED,,2018-05-01T10:00:00.000-07:00,3500.0,3012.0,148911467,9.0,55,8,8,0,0.0,,,103.0,9.0,12.0,,5.0,,0,3,4,3,3,1,6,6,4,7,0.0,0,0,3,7,0,1,1,1,2,2,100,0.0,1,1,debt_consolidation,APPROVED,2018-05-01T09:46:18.000-07:00,7358.0,,36.1,,,,,,,,,,,,,1.13,C1,0,36,287,8688,22900,7,8688,1330.0,17900,0,2500,20400
19,19,0,0,2018-04-30T14:33:07.000-07:00,NY,104xx,43.5,60000.0,120000.0,JOINT,2039,7171.0,74.5,0,0,2018-04-30T08:58:36.000-07:00,3,0.0,,CASH,35.24,17.87,1991-01-29T16:00:00.000-08:00,120.0,Office Manager,2018-05-31T10:00:00.000-07:00,11.12,684,680,3675.0,D,RENT,100.0,36.5,132512589,2018-05-01T10:00:00.000-07:00,F,0,0,0,218.28,18.45,,SOURCE_VERIFIED,NOT_VERIFIED,2018-05-01T10:00:00.000-07:00,6000.0,6467.0,148870632,81.0,327,54,31,0,0.0,2.0,23.0,,31.0,56.0,,,,2,8,14,8,8,7,16,21,14,20,0.0,0,2,0,20,0,4,0,0,0,0,89,50.0,0,0,car,APPROVED,2018-05-01T08:09:02.000-07:00,24271.0,25089.0,49.2,0.0,0.0,2012-06-29T17:00:00.000-07:00,674.0,670.0,2.0,0.0,,2.0,2.0,0.0,35.6,1.36,D2,0,36,0,38743,88991,28,38743,14472.0,28100,1,39691,49300
20,20,0,6,2018-04-30T17:29:02.000-07:00,CA,949xx,74.8,31000.0,,INDIVIDUAL,3904,,,0,0,2018-04-30T17:26:19.000-07:00,0,0.0,,CASH,23.73,,2008-02-29T16:00:00.000-08:00,0.0,CNA,2018-05-31T10:00:00.000-07:00,6.8,679,675,1575.0,C,RENT,500.0,83.9,132540590,2018-05-01T10:00:00.000-07:00,F,1,1,1,136.85,14.07,,SOURCE_VERIFIED,,2018-05-01T10:00:00.000-07:00,4000.0,0.0,148904522,122.0,120,3,3,0,0.0,,,,8.0,,,2.0,,0,0,1,0,3,6,3,11,1,5,0.0,0,0,4,5,1,2,1,3,3,3,94,,0,0,debt_consolidation,APPROVED,2018-05-01T08:27:40.000-07:00,121.0,,4.0,,,,,,,,,,,,,1.13,C3,0,36,5340,19518,26106,17,19518,19397.0,0,2,23106,3000
21,21,0,13,2018-04-30T19:02:37.000-07:00,GA,302xx,63.1,42000.0,,INDIVIDUAL,2369,9572.0,27.5,0,0,2018-04-30T18:48:41.000-07:00,0,0.0,,CASH,22.23,,2011-04-30T17:00:00.000-07:00,48.0,Correctional Officer,2018-05-31T10:00:00.000-07:00,6.8,704,700,2175.0,C,RENT,500.0,96.2,132541812,2018-05-01T10:00:00.000-07:00,F,1,3,2,173.43,15.04,,SOURCE_VERIFIED,,2018-05-01T10:00:00.000-07:00,5000.0,3268.0,148905804,35.0,84,1,1,0,0.0,58.0,58.0,,3.0,1.0,58.0,0.0,58.0,4,4,8,8,11,3,14,21,8,15,0.0,0,0,7,15,5,1,1,1,6,12,94,12.5,0,0,debt_consolidation,APPROVED,2018-05-01T09:00:16.000-07:00,4423.0,,18.4,,,,,,,,,,,,,1.13,C4,0,36,0,35542,56365,24,35542,31119.0,13200,0,32365,24000
22,22,0,10,2018-05-01T08:40:15.000-07:00,IN,478xx,76.9,65000.0,,INDIVIDUAL,3696,6339.0,66.8,0,0,2018-04-23T18:37:49.000-07:00,0,0.0,,CASH,28.58,,2007-12-23T16:00:00.000-08:00,48.0,Tower Foreman ,2018-05-31T10:00:00.000-07:00,15.63,669,665,17150.0,E,RENT,500.0,87.9,132156129,2018-05-01T10:00:00.000-07:00,F,1,4,1,562.67,22.9,,NOT_VERIFIED,,2018-05-01T10:00:00.000-07:00,20000.0,5406.0,148306393,65.0,124,2,2,0,0.0,,,,3.0,2.0,,2.0,,0,6,11,9,9,12,15,17,11,17,0.0,0,0,4,17,3,2,2,5,2,5,100,44.4,0,0,debt_consolidation,APPROVED,2018-05-01T08:44:49.000-07:00,23143.0,,75.4,,,,,,,,,,,,,1.26,E1,0,60,0,59134,70727,29,59134,35991.0,19100,7,40027,30700
23,23,0,3,2018-04-30T11:43:28.000-07:00,RI,028xx,74.0,32000.0,92000.0,JOINT,2237,2877.0,75.2,0,0,2018-04-30T11:35:20.000-07:00,0,0.0,,CASH,6.26,7.08,2014-05-29T17:00:00.000-07:00,36.0,Wait staff,2018-05-31T10:00:00.000-07:00,11.12,709,705,6975.0,D,OWN,,,132529170,2018-05-01T10:00:00.000-07:00,F,0,1,1,381.13,21.85,,NOT_VERIFIED,NOT_VERIFIED,2018-05-01T10:00:00.000-07:00,10000.0,7410.0,148892994,,47,1,1,0,0.0,,,,,1.0,,5.0,,0,2,3,3,3,0,4,4,3,4,0.0,0,0,3,4,3,0,0,0,3,3,100,33.3,0,0,debt_consolidation,APPROVED,2018-05-01T07:43:44.000-07:00,8949.0,10655.0,74.0,0.0,0.0,2008-12-29T16:00:00.000-08:00,639.0,635.0,0.0,0.0,,3.0,5.0,1.0,60.9,1.36,D5,0,36,0,8949,12100,4,8949,0.0,11600,0,0,12100
24,24,0,1,2018-04-30T18:34:11.000-07:00,DC,200xx,68.4,40000.0,,INDIVIDUAL,4968,1327.0,69.8,0,1,2018-04-30T18:23:43.000-07:00,2,0.0,,CASH,27.33,,1993-12-31T16:00:00.000-08:00,36.0,Nurse,2018-05-31T10:00:00.000-07:00,11.12,674,670,3900.0,D,RENT,800.0,67.9,132540780,2018-05-01T10:00:00.000-07:00,F,1,2,1,266.8,21.85,,SOURCE_VERIFIED,,2018-05-01T10:00:00.000-07:00,7000.0,2972.0,148904731,135.0,292,4,4,0,0.0,18.0,18.0,,31.0,39.0,28.0,4.0,18.0,3,2,4,4,5,9,9,17,4,12,0.0,0,2,1,12,1,3,0,0,1,1,74,25.0,0,0,debt_consolidation,APPROVED,2018-05-01T09:21:58.000-07:00,5426.0,,69.6,,,,,,,,,,,,,1.36,D5,0,36,0,54643,54845,27,54643,49217.0,4400,0,47045,7800
25,25,0,6,2018-05-01T07:42:37.000-07:00,PA,193xx,72.8,95000.0,,INDIVIDUAL,36259,126.0,82.0,0,0,2018-05-01T07:37:14.000-07:00,1,0.0,,CASH,27.12,,2004-03-31T16:00:00.000-08:00,72.0,Clinical Dietitian ,2018-05-31T10:00:00.000-07:00,6.8,674,670,2425.0,C,MORTGAGE,2300.0,75.0,132567598,2018-05-01T10:00:00.000-07:00,F,1,3,0,187.64,12.61,,SOURCE_VERIFIED,,2018-05-01T10:00:00.000-07:00,5600.0,574.0,148921665,143.0,169,7,7,8,2231.71,5.0,,,15.0,7.0,,7.0,,0,1,3,1,7,12,6,14,3,12,0.0,0,0,3,12,0,5,0,1,3,5,94,100.0,0,0,debt_consolidation,APPROVED,2018-05-01T07:43:49.000-07:00,16814.0,,67.8,,,,,,,,,,,,,1.13,C1,0,36,0,435106,477375,34,59294,42480.0,700,0,56605,24800
26,26,0,2,2018-05-01T05:51:01.000-07:00,MA,015xx,48.6,87000.0,,INDIVIDUAL,21922,29914.0,7.1,0,0,2018-05-01T05:49:34.000-07:00,1,0.0,,CASH,23.21,,1996-09-30T17:00:00.000-07:00,120.0,IT Manager,2018-05-31T10:00:00.000-07:00,3.8,749,745,2475.0,B,MORTGAGE,917.0,69.4,132559962,2018-05-01T10:00:00.000-07:00,F,1,1,1,192.81,9.43,,NOT_VERIFIED,,2018-05-01T10:00:00.000-07:00,6025.0,1674.0,148926006,133.0,259,50,3,2,898.28,9.0,,,3.0,50.0,,3.0,,0,2,2,3,4,6,3,5,2,7,0.0,0,0,1,7,1,3,1,2,0,0,92,0.0,0,0,debt_consolidation,APPROVED,2018-05-01T05:53:24.000-07:00,2286.0,,7.1,,,,,,,,,,,,,0.96,B1,0,36,0,153453,220536,13,46756,44470.0,32200,0,64100,32200
27,27,0,8,2018-04-30T17:15:53.000-07:00,CO,813xx,30.2,32000.0,,INDIVIDUAL,1656,22755.0,17.0,0,0,2018-04-30T17:05:41.000-07:00,0,0.0,,DIRECT_PAY,35.58,,2005-10-31T16:00:00.000-08:00,120.0,Stocker ,2018-05-31T10:00:00.000-07:00,14.72,739,735,2200.0,E,MORTGAGE,0.0,54.3,132530940,2018-05-01T10:00:00.000-07:00,F,1,2,1,233.1,25.81,,NOT_VERIFIED,,2018-05-01T10:00:00.000-07:00,5800.0,2853.0,148905870,122.0,150,3,3,0,0.0,64.0,,,8.0,3.0,,3.0,,0,3,3,5,15,7,10,21,3,11,0.0,0,0,4,11,3,1,1,2,3,6,96,0.0,0,0,debt_consolidation,APPROVED,2018-05-01T09:06:25.000-07:00,4645.0,,13.2,,,,,,,,,,,,,1.58,E4,0,36,0,18212,60300,28,18212,13567.0,27400,1,25000,35300
28,28,0,4,2018-05-01T05:59:17.000-07:00,OH,431xx,36.4,42000.0,,INDIVIDUAL,22544,37388.0,26.4,0,0,2018-05-01T05:49:40.000-07:00,0,0.0,,CASH,22.26,,2006-06-30T17:00:00.000-07:00,24.0,Accounting Technician ,2018-05-31T10:00:00.000-07:00,1.86,719,715,2025.0,A,MORTGAGE,1208.0,92.8,132565154,2018-05-01T10:00:00.000-07:00,F,3,0,0,184.47,6.71,,NOT_VERIFIED,,2018-05-01T10:00:00.000-07:00,6000.0,5667.0,148920279,130.0,142,2,2,2,1207.85,,,,14.0,2.0,,14.0,,0,7,7,9,9,7,9,11,7,12,0.0,0,0,1,12,1,2,0,2,1,1,100,0.0,0,0,major_purchase,APPROVED,2018-05-01T06:30:19.000-07:00,13412.0,,26.4,,,,,,,,,,,,,0.83,A3,0,36,0,270526,292767,20,89171,75759.0,50800,0,56367,50800
29,29,0,5,2018-05-01T09:08:52.000-07:00,NY,108xx,23.3,87000.0,,INDIVIDUAL,890,20152.0,21.3,0,0,2018-05-01T09:06:22.000-07:00,1,0.0,,CASH,12.99,,2007-05-31T17:00:00.000-07:00,120.0,Correction officer,2018-05-31T10:00:00.000-07:00,3.8,724,720,6925.0,B,RENT,1300.0,35.1,132567043,2018-05-01T10:00:00.000-07:00,F,1,2,0,354.53,9.92,,NOT_VERIFIED,,2018-05-01T10:00:00.000-07:00,11000.0,3519.0,148930289,131.0,127,11,9,0,0.0,19.0,,,9.0,13.0,,9.0,19.0,0,5,9,7,8,7,18,22,9,20,0.0,0,0,2,20,0,2,1,1,1,4,96,14.3,0,0,debt_consolidation,APPROVED,2018-05-01T09:10:39.000-07:00,6960.0,,15.3,,,,,,,,,,,,,0.96,B2,0,36,0,17804,76475,29,17804,10844.0,25600,0,30875,45600
30,30,0,6,2018-04-30T08:05:40.000-07:00,OH,454xx,58.2,50000.0,,INDIVIDUAL,24574,16481.0,21.9,0,0,2018-04-30T07:49:34.000-07:00,0,0.0,,CASH,24.99,,1984-09-29T17:00:00.000-07:00,24.0,Asset Protection Officer,2018-05-31T10:00:00.000-07:00,1.86,759,755,3700.0,A,MORTGAGE,1800.0,77.8,132515138,2018-05-01T10:00:00.000-07:00,F,5,0,0,243.63,6.07,,VERIFIED,,2018-05-01T10:00:00.000-07:00,8000.0,3130.0,148878851,138.0,403,5,5,2,1817.08,,,87.0,16.0,5.0,,13.0,,0,4,5,5,8,4,7,13,5,10,0.0,0,0,2,10,1,2,0,1,2,5,100,0.0,1,1,home_improvement,APPROVED,2018-05-01T09:50:17.000-07:00,5202.0,,22.5,,,,,,,,,,,,,0.83,A2,0,36,0,221165,271354,19,38016,32814.0,21100,5,42170,23100
31,31,0,7,2018-05-01T09:37:37.000-07:00,CO,807xx,56.9,66000.0,,INDIVIDUAL,10570,13541.0,36.4,0,0,2018-05-01T09:23:45.000-07:00,0,0.0,,CASH,16.2,,2005-02-28T16:00:00.000-08:00,84.0,Grain Merchandiser,2018-05-31T10:00:00.000-07:00,6.8,714,710,1625.0,C,MORTGAGE,575.0,77.5,132571970,2018-05-01T10:00:00.000-07:00,F,1,4,2,203.85,13.58,,SOURCE_VERIFIED,,2018-05-01T10:00:00.000-07:00,6000.0,4645.0,148937126,158.0,109,6,6,2,744.15,,,113.0,7.0,6.0,,6.0,,0,3,4,6,6,12,7,8,4,11,0.0,0,0,4,11,1,3,2,3,2,3,100,33.3,1,1,car,APPROVED,2018-05-01T09:40:34.000-07:00,7789.0,,35.7,,,,,,,,,,,,,1.13,C2,0,36,0,116269,140144,22,25109,17320.0,21300,0,22344,21800
32,32,0,5,2018-04-30T13:32:50.000-07:00,NC,285xx,45.0,41000.0,,INDIVIDUAL,1664,8137.0,26.0,0,0,2018-04-30T13:27:46.000-07:00,0,0.0,,CASH,10.86,,1997-01-29T16:00:00.000-08:00,120.0,teacher parent,2018-05-31T10:00:00.000-07:00,6.8,744,740,1775.0,C,RENT,600.0,71.3,132530134,2018-05-01T10:00:00.000-07:00,F,5,3,3,218.96,14.07,,SOURCE_VERIFIED,,2018-05-01T10:00:00.000-07:00,6400.0,1905.0,148893988,135.0,255,17,5,0,0.0,,,,5.0,17.0,,1.0,,0,2,3,4,11,9,9,19,3,10,0.0,0,0,1,10,1,1,1,3,0,2,100,25.0,0,0,debt_consolidation,APPROVED,2018-05-01T09:41:56.000-07:00,3891.0,,20.4,,,,,,,,,,,,,1.13,C3,0,36,0,16641,36980,28,16641,12750.0,11000,0,17880,19100
33,33,0,1,2018-05-01T05:39:01.000-07:00,NY,125xx,33.2,46000.0,,INDIVIDUAL,2291,585.0,72.1,0,0,2018-05-01T05:21:31.000-07:00,1,0.0,,CASH,21.0,,2001-07-31T17:00:00.000-07:00,120.0,Site supervisor,2018-05-31T10:00:00.000-07:00,3.8,694,690,5200.0,B,RENT,800.0,31.1,132556950,2018-05-01T10:00:00.000-07:00,F,0,0,0,332.05,11.98,,NOT_VERIFIED,,2018-05-01T10:00:00.000-07:00,10000.0,955.0,148922024,180.0,201,15,15,0,0.0,4.0,,,59.0,15.0,,17.0,,1,2,4,2,3,2,4,9,4,6,0.0,0,0,0,6,0,2,0,0,0,1,81,0.0,0,0,credit_card,APPROVED,2018-05-01T06:02:39.000-07:00,3349.0,,41.9,,,,,,,,,,,,,0.96,B5,0,36,0,13744,41430,11,13744,10395.0,2100,0,33430,8000
34,34,0,2,2018-05-01T07:19:19.000-07:00,FL,347xx,69.2,48000.0,,INDIVIDUAL,11616,6580.0,73.0,0,0,2018-04-30T06:34:49.000-07:00,2,0.0,,CASH,24.63,,2005-10-29T17:00:00.000-07:00,120.0,Flight attendant,2018-05-31T10:00:00.000-07:00,14.72,664,660,5150.0,E,MORTGAGE,848.0,64.8,132503866,2018-05-01T10:00:00.000-07:00,F,0,0,0,391.65,23.87,,NOT_VERIFIED,,2018-05-01T10:00:00.000-07:00,10000.0,4478.0,148866577,24.0,150,5,5,1,848.0,16.0,19.0,,24.0,5.0,16.0,,16.0,1,8,9,8,12,1,9,16,9,11,0.0,0,1,1,11,1,1,0,1,1,1,94,50.0,0,0,debt_consolidation,APPROVED,2018-05-01T07:21:17.000-07:00,18729.0,,72.3,,,,,,,,,,,,,1.58,E2,0,36,0,127779,149147,19,30552,11823.0,24400,0,18247,25900
35,35,0,7,2018-05-01T07:05:20.000-07:00,TN,373xx,63.2,70000.0,,INDIVIDUAL,16035,7858.0,21.4,0,0,2018-05-01T06:45:41.000-07:00,0,0.0,,CASH,31.24,,2004-12-31T16:00:00.000-08:00,120.0,Maintenance Supervisor,2018-05-31T10:00:00.000-07:00,6.8,729,725,5725.0,C,MORTGAGE,1060.0,76.4,132563080,2018-05-01T10:00:00.000-07:00,F,2,1,0,368.58,12.61,,NOT_VERIFIED,,2018-05-01T10:00:00.000-07:00,11000.0,1902.0,148929125,160.0,151,10,2,2,0.0,28.0,,,2.0,10.0,28.0,8.0,28.0,0,2,4,3,7,8,5,10,4,8,0.0,0,0,4,8,1,3,2,3,2,4,85,0.0,0,0,debt_consolidation,APPROVED,2018-05-01T07:13:48.000-07:00,4593.0,,32.1,,,,,,,,,,,,,1.13,C1,0,36,0,128280,175810,20,128280,123687.0,10000,2,161510,14300
36,36,0,3,2018-05-01T09:19:32.000-07:00,CO,800xx,88.3,50000.0,,INDIVIDUAL,30113,16765.0,20.5,0,0,2018-05-01T09:18:05.000-07:00,0,0.0,,CASH,33.15,,1999-03-31T16:00:00.000-08:00,,,2018-05-31T10:00:00.000-07:00,6.8,669,665,3550.0,C,MORTGAGE,1402.0,136.6,132571948,2018-05-01T10:00:00.000-07:00,F,0,1,0,301.56,12.61,,NOT_VERIFIED,,2018-05-01T10:00:00.000-07:00,9000.0,4235.0,148937100,154.0,229,1,1,3,1402.08,65.0,65.0,57.0,11.0,1.0,,8.0,,1,2,2,4,10,10,4,11,2,9,0.0,0,0,3,9,1,4,1,1,1,1,72,0.0,1,1,credit_card,APPROVED,2018-05-01T09:29:24.000-07:00,4335.0,,20.5,,,,,,,,,,,,,1.13,C1,0,36,0,271018,300682,24,61501,57166.0,21100,0,67682,21100
37,37,0,4,2018-05-01T09:04:58.000-07:00,IL,605xx,73.5,25000.0,,INDIVIDUAL,1102,906.0,82.9,0,0,2018-05-01T08:41:01.000-07:00,0,0.0,,CASH,7.35,,2004-02-29T16:00:00.000-08:00,24.0,inserter,2018-05-31T10:00:00.000-07:00,6.8,689,685,6425.0,C,RENT,500.0,,132572720,2018-05-01T10:00:00.000-07:00,F,0,0,0,421.95,16.01,,NOT_VERIFIED,,2018-05-01T10:00:00.000-07:00,12000.0,2478.0,148938835,170.0,23,13,13,0,0.0,,,,170.0,13.0,,22.0,,0,3,4,3,3,1,4,4,4,4,0.0,0,0,0,4,0,0,0,0,0,4,100,33.3,0,0,other,APPROVED,2018-05-01T09:10:30.000-07:00,4408.0,,73.5,,,,,,,,,,,,,1.13,C5,0,36,0,4408,6000,5,4408,0.0,5300,0,0,6000
38,38,0,2,2018-05-01T06:43:56.000-07:00,MA,027xx,78.3,100000.0,,INDIVIDUAL,4899,2474.0,38.1,0,0,2018-05-01T06:37:14.000-07:00,7,0.0,,CASH,4.57,,1994-09-30T17:00:00.000-07:00,72.0,Pipefitter,2018-05-31T10:00:00.000-07:00,11.12,669,665,2100.0,D,RENT,900.0,91.6,132565364,2018-05-01T10:00:00.000-07:00,F,5,10,0,291.03,18.45,,NOT_VERIFIED,,2018-05-01T10:00:00.000-07:00,8000.0,1526.0,148920503,283.0,36,13,11,0,0.0,15.0,15.0,,11.0,36.0,,2.0,,15,1,2,1,1,19,2,2,2,3,0.0,0,7,1,3,0,1,1,1,0,1,28,0.0,0,0,major_purchase,APPROVED,2018-05-01T06:58:11.000-07:00,1538.0,,35.0,,,,,,,,,,,,,1.36,D2,0,36,0,14696,18764,21,14696,13158.0,4000,0,14364,4400
39,39,0,3,2018-04-30T18:08:24.000-07:00,FL,330xx,65.4,60000.0,,INDIVIDUAL,5019,5220.0,80.8,0,0,2018-04-30T18:05:52.000-07:00,0,0.0,,CASH,34.0,,2011-03-31T17:00:00.000-07:00,24.0,President Owner,2018-05-31T10:00:00.000-07:00,11.12,684,680,4075.0,D,RENT,500.0,56.5,132532003,2018-05-01T10:00:00.000-07:00,F,2,3,2,358.88,17.47,,NOT_VERIFIED,,2018-05-01T10:00:00.000-07:00,10000.0,8439.0,148907065,66.0,85,3,3,0,0.0,,,,21.0,23.0,,1.0,,0,7,11,8,9,3,12,15,11,14,0.0,0,0,1,14,1,2,0,1,1,2,100,50.0,0,0,other,APPROVED,2018-05-01T08:31:52.000-07:00,25643.0,,72.0,,,,,,,,,,,,,1.36,D1,0,36,0,70270,99214,18,70270,44627.0,27200,0,63614,35600
40,40,0,2,2018-05-01T08:10:37.000-07:00,VA,226xx,60.7,115000.0,,INDIVIDUAL,14607,7472.0,82.0,1,0,2018-05-01T08:04:40.000-07:00,1,0.0,,CASH,15.87,,1989-04-30T17:00:00.000-07:00,120.0,Budget Analyst,2018-05-31T10:00:00.000-07:00,6.8,704,700,28325.0,C,MORTGAGE,917.0,59.8,132565760,2018-05-01T10:00:00.000-07:00,F,3,3,0,1213.98,15.04,,SOURCE_VERIFIED,,2018-05-01T10:00:00.000-07:00,35000.0,27893.0,148930936,60.0,348,20,9,1,984.21,12.0,12.0,,9.0,33.0,,7.0,12.0,1,2,3,3,3,3,8,13,3,12,0.0,0,1,1,12,0,3,1,1,0,1,94,66.7,0,0,debt_consolidation,APPROVED,2018-05-01T08:19:28.000-07:00,34106.0,,61.6,,,,,,,,,,,,,1.13,C4,0,36,0,160676,242562,19,66205,32099.0,41500,2,53662,55400
41,41,0,6,2018-04-30T12:59:26.000-07:00,AZ,852xx,88.3,82000.0,,INDIVIDUAL,51989,9792.0,69.8,0,0,2018-04-30T12:55:14.000-07:00,0,0.0,,CASH,20.74,,2005-09-29T17:00:00.000-07:00,,,2018-05-31T10:00:00.000-07:00,6.8,674,670,2975.0,C,MORTGAGE,1800.0,96.3,132526657,2018-05-01T10:00:00.000-07:00,F,1,1,0,342.12,14.07,,NOT_VERIFIED,,2018-05-01T10:00:00.000-07:00,10000.0,14426.0,148891537,134.0,151,18,8,6,1693.3,,,,8.0,18.0,,11.0,,0,3,3,3,5,10,3,10,3,7,0.0,0,0,3,7,0,3,3,3,0,1,100,66.7,0,0,credit_card,APPROVED,2018-05-01T08:41:02.000-07:00,22608.0,,69.8,,,,,,,,,,,,,1.13,C3,0,36,0,363920,381288,26,95111,72503.0,32400,1,75288,32400
42,42,0,7,2018-04-30T15:32:33.000-07:00,FL,334xx,74.3,75000.0,,INDIVIDUAL,2883,1301.0,79.3,0,0,2018-04-30T15:29:52.000-07:00,0,0.0,,CASH,16.96,,2006-06-29T17:00:00.000-07:00,120.0,General Agent,2018-05-31T10:00:00.000-07:00,3.8,669,665,3825.0,B,MORTGAGE,1600.0,84.8,132540155,2018-05-01T10:00:00.000-07:00,F,0,1,0,365.26,11.98,,VERIFIED,,2018-05-01T10:00:00.000-07:00,11000.0,4097.0,148904052,142.0,140,3,3,0,0.0,,,,9.0,24.0,,12.0,,0,3,10,3,3,5,11,11,10,13,0.0,0,0,5,13,2,2,2,2,3,5,100,33.3,0,0,debt_consolidation,APPROVED,2018-05-01T08:05:51.000-07:00,9939.0,,55.2,,,,,,,,,,,,,0.96,B5,0,36,334,37476,50466,16,37476,27537.0,6300,2,32466,18000
43,43,0,8,2018-04-30T04:30:18.000-07:00,NY,147xx,44.8,32000.0,,INDIVIDUAL,3103,15768.0,6.1,0,0,2018-04-30T04:20:08.000-07:00,0,0.0,,CASH,30.61,,2010-02-27T16:00:00.000-08:00,12.0,Electrician ,2018-05-31T10:00:00.000-07:00,1.86,769,765,3650.0,A,OWN,,73.0,132497616,2018-05-01T10:00:00.000-07:00,F,1,2,0,344.5,7.96,,SOURCE_VERIFIED,,2018-05-01T10:00:00.000-07:00,11000.0,1032.0,148861270,83.0,98,10,10,0,0.0,,,,12.0,10.0,,7.0,,0,1,1,5,8,9,6,11,1,8,0.0,0,0,2,8,0,2,1,2,1,6,100,0.0,0,0,debt_consolidation,APPROVED,2018-05-01T09:16:12.000-07:00,1032.0,,4.5,,,,,,,,,,,,,0.83,A5,0,36,0,24827,55374,20,24827,23795.0,16800,0,32574,22800
44,44,0,1,2018-05-01T06:42:04.000-07:00,NJ,076xx,55.9,108000.0,,INDIVIDUAL,45837,3891.0,82.5,0,0,2018-05-01T06:39:48.000-07:00,0,0.0,,CASH,16.91,,2004-08-31T17:00:00.000-07:00,120.0,Account Executive,2018-05-31T10:00:00.000-07:00,1.86,694,690,4175.0,A,MORTGAGE,1950.0,36.4,132564046,2018-05-01T10:00:00.000-07:00,F,3,3,0,372.4,7.34,,NOT_VERIFIED,,2018-05-01T10:00:00.000-07:00,12000.0,9874.0,148928137,164.0,148,46,19,2,2023.2,,,89.0,19.0,49.0,,3.0,,0,3,3,3,5,11,3,7,3,6,0.0,0,0,0,6,0,2,0,1,0,0,100,66.7,1,1,credit_card,APPROVED,2018-05-01T06:46:17.000-07:00,18309.0,,82.5,,,,,,,,,,,,,0.83,A4,0,36,0,275019,327985,20,29291,10982.0,22200,0,30185,22200
45,45,0,11,2018-04-30T16:41:07.000-07:00,MS,395xx,30.6,47000.0,,INDIVIDUAL,13127,36614.0,29.7,0,0,2018-04-30T16:31:15.000-07:00,0,0.0,,DIRECT_PAY,10.6,,2006-01-29T16:00:00.000-08:00,108.0,Marketing rep,2018-05-31T10:00:00.000-07:00,1.86,704,700,3950.0,A,MORTGAGE,1470.0,,132536492,2018-05-01T10:00:00.000-07:00,F,0,2,0,365.45,6.07,,SOURCE_VERIFIED,,2018-05-01T10:00:00.000-07:00,12000.0,5812.0,148900428,,147,4,4,5,1469.93,29.0,81.0,,,4.0,43.0,11.0,43.0,0,10,12,10,12,0,12,14,12,13,0.0,0,0,8,13,3,0,0,0,7,10,84,10.0,0,0,debt_consolidation,APPROVED,2018-05-01T07:48:38.000-07:00,17644.0,,30.6,,,,,,,,,,,,,0.83,A2,0,36,0,170646,212700,19,17644,0.0,52100,0,0,57700
46,46,0,2,2018-04-30T13:54:10.000-07:00,CT,060xx,71.4,43000.0,,INDIVIDUAL,8231,1186.0,89.2,0,0,2018-04-30T13:45:22.000-07:00,0,0.0,,CASH,26.43,,1994-10-29T17:00:00.000-07:00,120.0,PharMacy technician ,2018-05-31T10:00:00.000-07:00,6.8,759,755,6775.0,C,RENT,900.0,79.0,132521014,2018-05-01T10:00:00.000-07:00,F,3,0,0,502.6,12.61,,SOURCE_VERIFIED,,2018-05-01T10:00:00.000-07:00,15000.0,9814.0,148895962,174.0,282,29,13,0,0.0,,,,13.0,29.0,,13.0,,0,1,1,1,6,4,3,15,1,5,0.0,0,0,0,5,0,2,0,2,0,0,100,100.0,0,0,credit_card,APPROVED,2018-05-01T09:16:40.000-07:00,9814.0,,54.5,,,,,,,,,,,,,1.13,C1,0,36,0,41156,57651,19,41156,31342.0,11000,1,39651,18000
47,47,0,1,2018-04-28T12:47:25.000-07:00,CA,913xx,0.1,40000.0,,INDIVIDUAL,2,3997.0,0.1,0,0,2018-04-28T12:37:06.000-07:00,0,0.0,,CASH,0.09,,2008-08-27T17:00:00.000-07:00,48.0,Technician applicator,2018-05-31T10:00:00.000-07:00,3.8,669,665,1725.0,B,RENT,800.0,,132455211,2018-05-01T10:00:00.000-07:00,F,0,1,0,326.92,10.9,,NOT_VERIFIED,,2018-05-01T10:00:00.000-07:00,10000.0,3.0,148818593,73.0,116,13,13,0,0.0,28.0,64.0,,73.0,13.0,64.0,12.0,28.0,1,1,1,1,3,1,2,5,1,2,0.0,0,0,0,2,0,0,0,0,0,1,50,0.0,0,0,major_purchase,APPROVED,2018-05-01T08:07:51.000-07:00,3.0,,0.1,,,,,,,,,,,,,0.96,B4,0,36,0,3,4100,6,3,0.0,4000,0,0,4100
48,48,0,3,2018-04-30T15:55:13.000-07:00,TX,781xx,65.0,45000.0,,INDIVIDUAL,6846,4909.0,67.7,0,0,2018-04-26T05:48:01.000-07:00,0,0.0,,CASH,26.48,,2007-09-25T17:00:00.000-07:00,48.0,General Manager,2018-05-31T10:00:00.000-07:00,11.12,669,665,6350.0,D,RENT,0.0,,132311475,2018-05-01T10:00:00.000-07:00,F,2,5,0,553.04,19.42,,SOURCE_VERIFIED,,2018-05-01T10:00:00.000-07:00,15000.0,5767.0,148645292,127.0,64,7,4,0,0.0,38.0,38.0,,4.0,7.0,,4.0,,1,3,4,4,4,6,6,6,4,7,0.0,0,0,3,7,1,1,1,1,2,2,91,50.0,0,0,credit_card,APPROVED,2018-05-01T07:42:43.000-07:00,12094.0,,65.0,,,,,,,,,,,,,1.36,D3,0,36,0,47919,55282,12,47919,35825.0,15200,1,36682,18600
49,49,0,3,2018-04-30T15:27:58.000-07:00,PA,191xx,47.2,87000.0,,INDIVIDUAL,45290,28362.0,36.1,0,0,2018-04-27T14:42:34.000-07:00,1,0.0,,CASH,35.2,,2006-10-26T17:00:00.000-07:00,108.0,Production Control Supervisor,2018-05-31T10:00:00.000-07:00,3.8,719,715,9775.0,B,MORTGAGE,2000.0,52.7,132375089,2018-05-01T10:00:00.000-07:00,F,0,1,0,664.1,11.98,,SOURCE_VERIFIED,,2018-05-01T10:00:00.000-07:00,20000.0,9303.0,148778366,131.0,138,40,1,2,2003.9,4.0,,,1.0,40.0,4.0,9.0,4.0,0,4,4,6,7,7,7,8,4,12,0.0,0,0,2,12,1,4,1,2,0,0,94,0.0,0,0,credit_card,APPROVED,2018-05-01T06:45:44.000-07:00,16038.0,,36.1,,,,,,,,,,,,,0.96,B5,0,36,0,452898,527769,17,63540,47502.0,44400,0,90092,44400
50,50,0,5,2018-04-30T06:23:21.000-07:00,IL,600xx,66.9,85000.0,,INDIVIDUAL,15321,10597.0,81.9,0,0,2018-04-23T08:52:24.000-07:00,0,0.0,,CASH,28.49,,1999-03-22T16:00:00.000-08:00,48.0,analyst,2018-05-31T10:00:00.000-07:00,6.8,704,700,3200.0,C,RENT,400.0,49.4,132112938,2018-05-01T10:00:00.000-07:00,F,2,2,2,475.64,13.58,,VERIFIED,,2018-05-01T10:00:00.000-07:00,14000.0,11361.0,148261982,59.0,229,2,1,3,1394.0,,,,1.0,2.0,,4.0,,0,9,9,11,13,4,11,13,9,15,0.0,0,0,3,15,3,3,1,2,2,3,100,54.5,0,0,credit_card,APPROVED,2018-05-01T08:24:48.000-07:00,47803.0,,81.9,,,,,,,,,,,,,1.13,C2,0,36,0,229813,278952,20,72538,24735.0,58400,0,50076,58400
51,51,0,6,2018-04-30T09:59:58.000-07:00,AL,352xx,43.0,92000.0,,INDIVIDUAL,28941,18845.0,43.9,0,0,2018-04-30T09:54:01.000-07:00,1,0.0,,CASH,19.58,,2013-10-29T17:00:00.000-07:00,60.0,programmer Analyst ,2018-05-31T10:00:00.000-07:00,6.8,699,695,3325.0,C,MORTGAGE,1000.0,,132507986,2018-05-01T10:00:00.000-07:00,F,0,4,2,509.61,13.58,,SOURCE_VERIFIED,,2018-05-01T10:00:00.000-07:00,15000.0,6508.0,148883837,19.0,54,3,3,2,1550.2,11.0,,,15.0,7.0,,2.0,11.0,0,4,8,5,5,2,9,11,8,11,0.0,0,0,2,11,1,1,0,2,2,2,92,0.0,0,0,credit_card,APPROVED,2018-05-01T08:19:04.000-07:00,21551.0,,43.0,,,,,,,,,,,,,1.13,C2,0,36,0,318350,377959,15,63816,42265.0,33600,2,52810,50100
52,52,0,4,2018-04-30T17:23:34.000-07:00,MO,640xx,65.0,46000.0,,INDIVIDUAL,7352,3375.0,97.0,0,0,2018-04-30T17:16:51.000-07:00,0,0.0,,DIRECT_PAY,38.3,,2007-06-30T17:00:00.000-07:00,0.0,Operator,2018-05-31T10:00:00.000-07:00,14.72,664,660,2000.0,E,RENT,100.0,82.0,132531843,2018-05-01T10:00:00.000-07:00,F,0,1,0,569.85,23.87,,NOT_VERIFIED,,2018-05-01T10:00:00.000-07:00,14550.0,5181.0,148906890,73.0,130,10,7,0,0.0,28.0,,,7.0,10.0,,10.0,28.0,0,2,6,4,4,8,6,9,4,9,,0,0,2,9,0,3,0,1,2,3,94,100.0,0,0,debt_consolidation,APPROVED,2018-05-01T08:27:24.000-07:00,10456.0,,65.0,,,,,,,,,,,,,1.58,E2,0,36,0,66176,84087,17,66176,55720.0,6750,0,67987,16100
53,53,0,3,2018-05-01T08:04:35.000-07:00,RI,029xx,96.5,68000.0,,INDIVIDUAL,3533,419.0,96.6,0,0,2018-05-01T07:54:58.000-07:00,0,0.0,,DIRECT_PAY,9.54,,2001-09-30T17:00:00.000-07:00,108.0,Senior Sales Rep,2018-05-31T10:00:00.000-07:00,14.72,669,665,1925.0,E,OWN,,,132571518,2018-05-01T10:00:00.000-07:00,F,0,1,1,614.97,24.84,,SOURCE_VERIFIED,,2018-05-01T10:00:00.000-07:00,15500.0,5072.0,148925645,,199,6,6,1,1884.17,54.0,54.0,,,6.0,,1.0,54.0,1,5,6,5,5,0,6,7,6,7,0.0,0,0,1,7,1,0,0,0,1,3,87,80.0,0,0,other,APPROVED,2018-05-01T08:27:04.000-07:00,12740.0,,96.5,,,,,,,,,,,,,1.58,E3,0,36,0,24733,176200,8,12740,0.0,12500,0,0,13200
54,54,0,10,2018-05-01T08:59:05.000-07:00,TX,750xx,70.7,89000.0,,INDIVIDUAL,32961,21510.0,49.6,0,0,2018-05-01T07:33:58.000-07:00,0,0.0,,CASH,35.99,,1998-12-31T16:00:00.000-08:00,96.0,Executive Pastor,2018-05-31T10:00:00.000-07:00,6.8,714,710,7225.0,C,MORTGAGE,1800.0,83.7,132575270,2018-05-01T10:00:00.000-07:00,F,7,0,0,713.46,13.58,,NOT_VERIFIED,,2018-05-01T10:00:00.000-07:00,21000.0,10536.0,148928384,178.0,232,20,13,1,1852.68,44.0,,,13.0,21.0,44.0,13.0,44.0,0,3,3,6,8,17,7,12,3,13,0.0,0,0,0,13,0,5,0,5,0,4,93,0.0,0,0,debt_consolidation,APPROVED,2018-05-01T09:02:35.000-07:00,21190.0,,45.9,,,,,,,,,,,,,1.13,C2,0,36,511,428497,480866,30,146111,124921.0,42700,0,149771,46200
55,55,0,6,2018-04-30T13:28:02.000-07:00,MA,021xx,94.3,38400.0,,INDIVIDUAL,3568,3574.0,27.1,0,0,2018-04-20T06:12:45.000-07:00,1,0.0,,CASH,2.84,,2007-09-19T17:00:00.000-07:00,,,2018-05-31T10:00:00.000-07:00,11.12,709,705,2800.0,D,RENT,500.0,113.0,131996206,2018-05-01T10:00:00.000-07:00,F,0,4,0,672.53,20.39,,VERIFIED,,2018-05-01T10:00:00.000-07:00,18000.0,1326.0,148071564,127.0,36,28,7,0,0.0,13.0,53.0,,7.0,28.0,13.0,1.0,13.0,2,1,2,1,1,22,3,3,2,19,0.0,0,0,2,19,0,16,2,6,0,0,88,0.0,0,0,other,APPROVED,2018-05-01T09:38:00.000-07:00,2819.0,,19.6,,,,,,,,,,,,,1.36,D4,0,36,0,67785,71900,25,67785,64966.0,4900,0,57500,14400
56,56,0,14,2018-04-30T07:12:21.000-07:00,AL,352xx,66.1,500000.0,,INDIVIDUAL,15520,64451.0,67.0,0,0,2018-04-30T07:11:19.000-07:00,0,0.0,,CASH,15.97,,1985-07-29T17:00:00.000-07:00,120.0,Broker,2018-05-31T10:00:00.000-07:00,3.8,709,705,4225.0,B,MORTGAGE,1658.0,70.3,132506281,2018-05-01T10:00:00.000-07:00,F,5,6,1,644.6,9.92,,SOURCE_VERIFIED,,2018-05-01T10:00:00.000-07:00,20000.0,16435.0,148870055,144.0,393,4,4,2,1650.0,,,,6.0,4.0,,5.0,,0,23,28,25,28,24,34,41,28,42,0.0,0,0,8,42,2,7,3,5,5,9,100,28.0,0,0,home_improvement,APPROVED,2018-05-01T09:09:59.000-07:00,343454.0,,64.1,,,,,,,,,,,,,0.96,B2,0,36,0,636314,829378,68,415594,72140.0,178000,12,119735,465100
57,57,0,1,2018-04-25T17:34:38.000-07:00,IL,600xx,41.2,167500.0,197500.0,JOINT,41023,12848.0,42.6,0,0,2018-04-23T11:53:34.000-07:00,0,0.0,,CASH,8.04,7.18,1992-12-22T16:00:00.000-08:00,120.0,Senior Superintendant,2018-05-31T10:00:00.000-07:00,1.86,734,730,12300.0,A,MORTGAGE,2153.0,40.1,132125792,2018-05-01T10:00:00.000-07:00,F,0,0,0,903.31,5.31,,SOURCE_VERIFIED,NOT_VERIFIED,2018-05-01T10:00:00.000-07:00,30000.0,4828.0,148285928,153.0,304,68,4,2,2058.94,,,,4.0,68.0,,,,1,3,3,3,4,6,3,4,3,6,0.0,0,0,1,6,1,2,1,1,0,0,91,0.0,0,0,home_improvement,APPROVED,2018-05-01T09:13:54.000-07:00,9552.0,17402.0,42.6,0.0,0.0,1992-12-22T16:00:00.000-08:00,749.0,745.0,0.0,2.0,,8.0,5.0,0.0,27.0,0.83,A1,0,36,0,246139,316620,12,21996,12444.0,22400,1,31000,22400
58,58,0,4,2018-04-30T08:43:10.000-07:00,GA,308xx,74.5,33000.0,,INDIVIDUAL,1877,225.0,43.8,0,0,2018-04-24T12:21:39.000-07:00,0,0.0,,CASH,9.78,,2006-04-23T17:00:00.000-07:00,120.0,AUDITOR,2018-05-31T10:00:00.000-07:00,6.8,664,660,3700.0,C,RENT,300.0,82.9,132190910,2018-05-01T10:00:00.000-07:00,F,0,2,1,832.44,15.04,,VERIFIED,,2018-05-01T10:00:00.000-07:00,24000.0,175.0,148363392,21.0,144,20,9,0,0.0,38.0,38.0,,9.0,20.0,41.0,4.0,41.0,3,1,2,1,4,3,2,6,2,3,0.0,0,0,1,3,0,1,1,3,0,1,60,0.0,0,0,debt_consolidation,APPROVED,2018-05-01T07:37:51.000-07:00,441.0,,33.9,,,,,,,,,,,,,1.13,C4,0,36,0,5630,7558,10,5630,5189.0,400,1,6258,1300
59,59,0,2,2018-04-30T16:43:26.000-07:00,FL,331xx,68.0,140000.0,,INDIVIDUAL,5572,6393.0,81.0,0,0,2018-04-30T16:40:49.000-07:00,0,0.0,,CASH,29.07,,1987-06-29T17:00:00.000-07:00,48.0,Showroom Manager,2018-05-31T10:00:00.000-07:00,3.8,709,705,4875.0,B,RENT,1800.0,33.0,132375368,2018-05-01T10:00:00.000-07:00,F,0,0,0,902.43,9.92,,VERIFIED,,2018-05-01T10:00:00.000-07:00,28000.0,9636.0,148772080,150.0,346,3,3,0,0.0,62.0,46.0,,18.0,3.0,62.0,15.0,,0,8,12,10,12,6,12,18,7,16,,0,0,1,17,1,3,0,1,1,1,88,75.0,0,0,debt_consolidation,APPROVED,2018-05-01T08:26:02.000-07:00,41616.0,,68.0,,,,,,,,,,,,,0.96,B2,0,36,0,89164,156996,25,89164,22752.0,51145,0,69762,61395
60,60,0,0,2018-05-01T06:29:45.000-07:00,FL,324xx,52.3,96000.0,,INDIVIDUAL,6335,5588.0,82.8,0,0,2018-04-30T09:26:28.000-07:00,0,0.0,,CASH,23.03,,1998-01-29T16:00:00.000-08:00,120.0,Munitions Production Superintendent,2018-05-31T10:00:00.000-07:00,1.86,734,730,11800.0,A,RENT,1600.0,15.4,132511751,2018-05-01T10:00:00.000-07:00,F,0,0,0,1096.13,7.96,,SOURCE_VERIFIED,,2018-05-01T10:00:00.000-07:00,35000.0,19124.0,148875533,121.0,243,31,31,0,0.0,,,,31.0,31.0,,,,0,3,4,4,7,5,5,9,4,6,0.0,0,0,0,6,0,1,0,0,0,0,100,75.0,0,0,debt_consolidation,APPROVED,2018-05-01T07:17:45.000-07:00,33087.0,,81.3,,,,,,,,,,,,,0.83,A5,0,36,0,38012,72700,14,38012,4925.0,32500,0,32000,40700
61,61,0,9,2018-04-28T12:59:10.000-07:00,OH,430xx,84.6,85000.0,175000.0,JOINT,37798,3801.0,63.8,0,0,2018-04-28T12:38:35.000-07:00,0,0.0,,CASH,15.59,17.73,1993-05-27T17:00:00.000-07:00,120.0,Teacher/Coach,2018-05-31T10:00:00.000-07:00,11.12,679,675,10925.0,D,MORTGAGE,2300.0,90.8,132456158,2018-05-01T10:00:00.000-07:00,F,2,5,2,1290.41,19.42,,SOURCE_VERIFIED,SOURCE_VERIFIED,2018-05-01T10:00:00.000-07:00,35000.0,6699.0,148816630,299.0,86,2,2,2,2372.71,,,,11.0,2.0,,2.0,,0,1,5,2,2,21,6,9,5,16,0.0,0,0,6,16,5,9,1,4,3,3,100,0.0,0,0,debt_consolidation,APPROVED,2018-05-01T09:25:36.000-07:00,18606.0,36946.0,60.8,0.0,0.0,2000-10-27T17:00:00.000-07:00,629.0,625.0,2.0,3.0,,14.0,15.0,3.0,34.4,1.36,D3,0,36,0,566965,585692,32,190678,172072.0,10500,3,177092,30600
62,62,0,1,2018-04-30T12:54:01.000-07:00,TX,750xx,44.5,130000.0,215000.0,JOINT,24460,40279.0,24.0,0,0,2018-04-30T11:31:36.000-07:00,0,0.0,,CASH,26.11,18.09,2001-12-29T16:00:00.000-08:00,48.0,Pharmacist,2018-05-31T10:00:00.000-07:00,1.86,819,815,13600.0,A,MORTGAGE,2000.0,50.5,132521413,2018-05-01T10:00:00.000-07:00,F,0,0,0,1204.42,5.31,,NOT_VERIFIED,NOT_VERIFIED,2018-05-01T10:00:00.000-07:00,40000.0,8974.0,148885279,174.0,196,15,15,4,1999.5,,,,54.0,15.0,,,,0,3,3,3,4,16,4,6,3,15,0.0,0,0,0,15,0,10,0,0,0,1,100,0.0,0,0,home_improvement,APPROVED,2018-05-01T09:14:22.000-07:00,12721.0,22744.0,22.3,0.0,0.0,2001-09-29T17:00:00.000-07:00,754.0,750.0,0.0,4.0,,13.0,8.0,0.0,36.8,0.83,A1,0,36,0,366907,532023,26,118576,105855.0,53000,0,209493,57100
63,63,0,12,2018-04-27T13:02:19.000-07:00,MD,218xx,79.6,41000.0,91000.0,JOINT,20112,246.0,96.3,0,0,2018-04-27T12:45:28.000-07:00,0,0.0,,CASH,88.0,39.97,2002-11-26T16:00:00.000-08:00,120.0,insurance specialist,2018-05-31T10:00:00.000-07:00,11.12,689,685,5050.0,D,MORTGAGE,941.0,77.4,132378628,2018-05-01T10:00:00.000-07:00,F,3,3,0,1195.61,20.39,,VERIFIED,VERIFIED,2018-05-01T10:00:00.000-07:00,32000.0,3531.0,148782879,146.0,185,7,7,2,0.0,34.0,34.0,,8.0,10.0,,7.0,42.0,1,2,4,2,10,22,4,24,4,10,0.0,0,0,5,10,0,6,3,8,2,4,95,100.0,0,0,debt_consolidation,APPROVED,2018-05-01T08:38:52.000-07:00,11831.0,16917.0,91.0,0.0,0.0,2006-06-26T17:00:00.000-07:00,664.0,660.0,0.0,0.0,,5.0,10.0,6.0,54.6,1.36,D4,0,36,0,201117,219150,48,201117,189286.0,6700,0,206150,13000
64,64,0,3,2018-05-01T05:35:50.000-07:00,NC,281xx,49.6,150000.0,,INDIVIDUAL,36526,30472.0,33.5,0,0,2018-05-01T05:30:43.000-07:00,2,0.0,,CASH,14.18,,2002-07-31T17:00:00.000-07:00,60.0,Software Engineer,2018-05-31T10:00:00.000-07:00,3.8,724,720,7200.0,B,MORTGAGE,2300.0,64.3,132563750,2018-05-01T10:00:00.000-07:00,F,0,1,0,1280.01,9.43,,NOT_VERIFIED,,2018-05-01T10:00:00.000-07:00,40000.0,8501.0,148917805,144.0,189,15,13,5,2315.0,4.0,,107.0,13.0,15.0,4.0,9.0,4.0,0,3,4,4,7,6,7,12,4,10,0.0,0,0,0,10,0,2,0,1,0,2,91,25.0,1,1,debt_consolidation,APPROVED,2018-05-01T06:02:29.000-07:00,15378.0,,30.2,,,,,,,,,,,,,0.96,B1,0,36,0,365262,458129,23,58869,43491.0,45800,2,67640,51000
65,65,0,2,2018-05-01T06:15:45.000-07:00,TX,762xx,27.3,182000.0,,INDIVIDUAL,13222,31599.0,16.0,0,0,2018-05-01T06:10:58.000-07:00,0,0.0,,CASH,10.37,,1990-04-30T17:00:00.000-07:00,120.0,Pilot,2018-05-31T10:00:00.000-07:00,2.36,749,745,6500.0,A,OWN,,55.7,132568165,2018-05-01T10:00:00.000-07:00,F,0,1,0,798.49,7.34,,SOURCE_VERIFIED,,2018-05-01T10:00:00.000-07:00,40000.0,3130.0,148922268,132.0,336,19,16,2,1530.32,,,,16.0,19.0,,2.0,,0,6,9,8,8,8,13,13,9,17,0.0,0,0,0,17,0,3,0,1,0,1,100,25.0,0,0,moving,APPROVED,2018-05-01T06:21:04.000-07:00,8933.0,,19.1,,,,,,,,,,,,,0.59,A4,0,60,0,224773,281033,23,72651,63718.0,37600,3,63617,46800
0,0,0,18,2018-04-13T09:41:01.000-07:00,TX,750xx,25.9,79000.0,,INDIVIDUAL,674,19693.0,12.9,0,0,2018-04-13T09:33:19.000-07:00,1,0.0,,CASH,18.35,,1976-07-12T17:00:00.000-07:00,120.0,Collector,2018-05-28T09:41:02.000-07:00,6.8,669,665,5025.0,C,OWN,,39.9,131525815,2018-05-01T10:00:00.000-07:00,F,2,5,0,237.82,13.58,,NOT_VERIFIED,,2018-05-01T10:00:00.000-07:00,7000.0,1043.0,147475995,328.0,501,1,1,1,0.0,20.0,20.0,,36.0,7.0,58.0,3.0,20.0,6,7,15,9,16,12,30,51,15,32,0.0,0,1,6,32,2,2,0,0,6,18,87,0.0,0,0,debt_consolidation,APPROVED,2018-05-01T08:14:22.000-07:00,7669.0,,16.8,,,,,,,,,,,,,1.13,C2,0,36,3245,19548,75475,64,19548,11879.0,22600,6,29775,45700
1,1,0,2,2018-04-21T10:45:59.000-07:00,AR,720xx,11.1,62000.0,,INDIVIDUAL,7670,13538.0,1.2,0,0,2018-04-21T10:41:29.000-07:00,0,0.0,,CASH,12.85,,2009-06-20T17:00:00.000-07:00,108.0,Mental Health Technician,2018-05-31T10:00:00.000-07:00,1.86,819,815,2625.0,A,RENT,1300.0,19.2,132031020,2018-05-01T10:00:00.000-07:00,F,0,0,0,140.94,7.96,,SOURCE_VERIFIED,,2018-05-01T10:00:00.000-07:00,4500.0,162.0,148190637,103.0,106,7,7,0,0.0,,,,22.0,7.0,,20.0,,0,1,1,3,5,10,4,7,1,7,0.0,0,0,1,7,0,3,0,1,1,1,100,0.0,0,0,medical,APPROVED,2018-05-01T09:30:28.000-07:00,162.0,,1.2,,,,,,,,,,,,,0.83,A5,0,36,0,46020,81949,17,46020,45858.0,13700,4,68249,13700
2,2,0,0,2018-04-18T19:10:55.000-07:00,WA,985xx,66.6,18000.0,,INDIVIDUAL,1015,463.0,88.4,0,0,2018-04-18T19:06:47.000-07:00,0,0.0,,CASH,10.8,,2006-11-18T16:00:00.000-08:00,,,2018-05-31T10:00:00.000-07:00,3.8,714,710,1150.0,B,OWN,,,131920399,2018-05-01T10:00:00.000-07:00,F,0,0,0,194.77,10.41,,SOURCE_VERIFIED,,2018-05-01T10:00:00.000-07:00,6000.0,3278.0,147888275,,137,102,102,0,0.0,,,,,102.0,,,,0,2,3,2,2,0,4,4,3,4,0.0,0,0,0,4,0,0,0,0,0,0,100,50.0,0,0,debt_consolidation,APPROVED,2018-05-01T08:48:53.000-07:00,4061.0,,66.6,,,,,,,,,,,,,0.96,B3,0,36,0,4061,6100,4,4061,0.0,4000,0,0,6100
3,3,0,5,2018-04-25T11:31:15.000-07:00,CA,910xx,90.0,34000.0,106000.0,JOINT,5065,4944.0,56.6,0,0,2018-04-23T16:59:31.000-07:00,0,0.0,,CASH,8.82,6.96,2012-08-22T17:00:00.000-07:00,0.0,Customer Relations,2018-05-31T10:00:00.000-07:00,14.72,669,665,3375.0,E,RENT,2450.0,106.4,131846572,2018-05-01T10:00:00.000-07:00,F,1,5,0,193.29,22.9,,VERIFIED,VERIFIED,2018-05-01T10:00:00.000-07:00,5000.0,2008.0,148301288,68.0,65,0,0,0,0.0,,,,68.0,0.0,,0.0,,0,4,5,6,6,2,8,9,5,10,0.0,0,0,3,10,2,2,0,0,3,5,100,33.3,0,0,credit_card,APPROVED,2018-05-01T06:43:13.000-07:00,7566.0,10796.0,47.9,0.0,0.0,2011-11-17T16:00:00.000-08:00,604.0,600.0,2.0,0.0,,9.0,14.0,7.0,51.2,1.58,E1,0,36,0,50647,56300,11,50647,43081.0,11400,0,40500,15800
4,4,0,1,2018-04-27T07:56:14.000-07:00,ND,585xx,89.9,50000.0,,INDIVIDUAL,4851,55.0,98.6,0,0,2018-04-27T07:51:28.000-07:00,0,0.0,,CASH,12.94,,2005-12-26T16:00:00.000-08:00,24.0,Operator,2018-05-31T10:00:00.000-07:00,6.8,674,670,1900.0,C,MORTGAGE,440.0,94.8,132365612,2018-05-01T10:00:00.000-07:00,F,3,5,0,85.53,14.07,,SOURCE_VERIFIED,,2018-05-01T10:00:00.000-07:00,2500.0,2561.0,148756776,10.0,148,67,10,1,0.0,33.0,,,10.0,67.0,33.0,10.0,33.0,0,2,3,2,3,1,4,8,3,5,0.0,0,0,1,5,0,1,1,1,0,0,80,100.0,0,0,other,APPROVED,2018-05-01T08:36:54.000-07:00,4278.0,,72.5,,,,,,,,,,,,,1.13,C3,0,36,0,24256,26972,10,24256,19978.0,3900,0,21072,5900
5,5,0,1,2018-04-23T13:53:41.000-07:00,GA,305xx,0.0,24440.0,,INDIVIDUAL,0,7500.0,0.0,0,0,2018-04-23T13:43:09.000-07:00,0,0.0,,CASH,0.0,,2001-06-22T17:00:00.000-07:00,0.0,Debone,2018-05-31T10:00:00.000-07:00,3.8,734,730,2325.0,B,RENT,375.0,,132141170,2018-05-01T10:00:00.000-07:00,F,0,1,1,211.0,10.41,,SOURCE_VERIFIED,,2018-05-01T10:00:00.000-07:00,6500.0,0.0,148291340,,202,2,2,0,0.0,,,,,202.0,,2.0,,0,0,0,1,1,0,2,2,0,2,0.0,0,0,1,2,1,0,0,0,1,1,100,0.0,0,0,other,APPROVED,2018-05-01T08:49:05.000-07:00,0.0,,0.0,,,,,,,,,,,,,0.96,B3,0,36,0,0,13500,2,0,0.0,7500,0,0,13500
6,6,0,15,2018-04-23T11:07:26.000-07:00,VA,236xx,78.2,45000.0,165000.0,JOINT,14623,8748.0,67.8,0,1,2018-04-23T10:56:07.000-07:00,1,0.0,,CASH,70.83,25.37,1993-05-22T17:00:00.000-07:00,72.0,Continuing Education Manager,2018-05-31T10:00:00.000-07:00,6.8,669,665,3100.0,C,MORTGAGE,2347.0,84.8,132120650,2018-05-01T10:00:00.000-07:00,F,0,2,0,527.43,16.01,,SOURCE_VERIFIED,SOURCE_VERIFIED,2018-05-01T10:00:00.000-07:00,15000.0,6278.0,148260676,149.0,299,5,5,2,2359.5,7.0,71.0,,7.0,5.0,7.0,7.0,7.0,2,8,13,10,14,21,17,25,13,30,0.0,0,0,6,30,2,12,2,6,4,8,95,70.0,0,0,debt_consolidation,APPROVED,2018-05-01T08:51:08.000-07:00,29292.0,67717.0,59.7,0.0,0.0,2003-05-22T17:00:00.000-07:00,674.0,670.0,0.0,2.0,,20.0,20.0,6.0,62.8,1.13,C5,0,36,0,438694,494777,48,146616,117324.0,27200,7,138314,49100
7,7,0,6,2018-04-25T05:12:10.000-07:00,CO,810xx,56.2,60000.0,,INDIVIDUAL,4100,7424.0,32.5,0,0,2018-04-25T05:05:44.000-07:00,0,0.0,,CASH,14.84,,1999-04-24T17:00:00.000-07:00,84.0,Management,2018-05-31T10:00:00.000-07:00,1.86,694,690,3300.0,A,RENT,1050.0,85.8,132247253,2018-05-01T10:00:00.000-07:00,F,1,2,1,307.45,6.71,,VERIFIED,,2018-05-01T10:00:00.000-07:00,10000.0,3200.0,148449107,112.0,228,7,4,1,0.0,26.0,41.0,,4.0,7.0,41.0,4.0,41.0,4,2,3,2,7,5,5,13,3,7,0.0,0,0,5,7,1,2,2,2,3,4,73,0.0,0,0,credit_card,APPROVED,2018-05-01T07:28:33.000-07:00,4276.0,,18.9,,,,,,,,,,,,,0.83,A3,0,36,0,28703,51076,19,28703,24427.0,11000,1,28476,22600
8,8,0,8,2018-04-24T11:03:15.000-07:00,CA,917xx,52.9,40000.0,,INDIVIDUAL,2277,4969.0,64.5,0,0,2018-04-18T14:00:16.000-07:00,0,0.0,,CASH,34.5,,2012-11-17T16:00:00.000-08:00,60.0,Sales,2018-05-31T10:00:00.000-07:00,6.8,704,700,3150.0,C,RENT,800.0,61.1,131865401,2018-05-01T10:00:00.000-07:00,F,0,1,0,562.6,16.01,,VERIFIED,,2018-05-01T10:00:00.000-07:00,16000.0,4612.0,147772160,47.0,65,7,7,0,0.0,,,,13.0,7.0,,8.0,,0,5,7,5,5,3,11,11,7,13,0.0,0,0,3,13,0,2,0,2,3,6,100,20.0,0,0,debt_consolidation,APPROVED,2018-05-01T08:55:55.000-07:00,11648.0,,43.8,,,,,,,,,,,,,1.13,C5,0,36,0,29596,55969,14,29596,17948.0,14000,0,29369,26600
9,9,0,16,2018-04-25T14:40:10.000-07:00,MD,211xx,72.6,105000.0,250000.0,JOINT,24355,27520.0,2.4,0,0,2018-04-25T14:35:12.000-07:00,0,0.0,,CASH,36.18,25.91,1994-05-24T17:00:00.000-07:00,120.0,Branch Manager,2018-05-31T10:00:00.000-07:00,1.86,729,725,4925.0,A,MORTGAGE,0.0,83.0,132269767,2018-05-01T10:00:00.000-07:00,F,2,5,2,465.5,7.34,,SOURCE_VERIFIED,SOURCE_VERIFIED,2018-05-01T10:00:00.000-07:00,15000.0,604.0,148536977,142.0,173,3,2,2,1966.67,,,,2.0,6.0,,3.0,,0,2,6,5,14,22,10,26,6,24,0.0,0,0,7,24,4,11,5,8,2,7,100,0.0,0,0,credit_card,APPROVED,2018-05-01T08:22:46.000-07:00,32250.0,94601.0,49.2,0.0,0.0,2002-08-24T17:00:00.000-07:00,679.0,675.0,5.0,3.0,68.0,51.0,24.0,7.0,39.3,0.83,A4,0,36,0,511461,578961,52,154246,121996.0,28200,6,146938,65600
10,10,0,2,2018-04-24T13:42:18.000-07:00,NC,273xx,74.7,35000.0,110000.0,JOINT,4721,2247.0,75.8,0,0,2018-04-24T11:47:23.000-07:00,0,0.0,,CASH,58.78,21.88,1998-12-23T16:00:00.000-08:00,60.0,Teacher,2018-05-31T10:00:00.000-07:00,5.71,739,735,7250.0,C,RENT,0.0,77.5,132191781,2018-05-01T10:00:00.000-07:00,F,1,0,0,541.3,12.61,,VERIFIED,SOURCE_VERIFIED,2018-05-01T10:00:00.000-07:00,24000.0,6475.0,148362245,216.0,232,34,9,0,0.0,38.0,,,9.0,34.0,38.0,16.0,38.0,0,2,2,2,3,21,3,4,2,16,0.0,0,0,1,16,0,13,1,2,0,0,92,50.0,0,0,debt_consolidation,APPROVED,2018-05-01T08:59:42.000-07:00,7053.0,22811.0,55.1,0.0,0.0,1998-12-23T16:00:00.000-08:00,699.0,695.0,0.0,0.0,,8.0,9.0,3.0,58.7,0.78,C1,0,60,0,75533,101130,25,75533,68480.0,9300,0,88330,12800
11,11,0,5,2018-04-23T17:48:21.000-07:00,OH,432xx,17.8,96000.0,,INDIVIDUAL,13703,15544.0,22.7,0,0,2018-04-23T02:11:43.000-07:00,0,0.0,,CASH,2.03,,2014-02-22T16:00:00.000-08:00,12.0,Truck driver,2018-05-31T10:00:00.000-07:00,1.86,699,695,11325.0,A,RENT,600.0,,132099851,2018-05-01T10:00:00.000-07:00,F,1,0,0,1096.13,7.96,,SOURCE_VERIFIED,,2018-05-01T10:00:00.000-07:00,35000.0,3251.0,148239740,,50,17,17,2,1160.8,,,,,20.0,,22.0,,0,3,4,4,5,0,8,9,4,9,0.0,0,0,0,9,0,0,0,0,0,5,100,25.0,0,0,major_purchase,APPROVED,2018-05-01T07:04:16.000-07:00,5556.0,,17.8,,,,,,,,,,,,,0.83,A5,0,36,1085,123323,155899,11,5556,0.0,20100,0,0,31200
12,12,0,2,2018-04-24T08:42:18.000-07:00,NV,891xx,47.3,85000.0,,INDIVIDUAL,18420,63201.0,44.6,0,0,2018-04-24T08:39:06.000-07:00,0,0.0,,CASH,32.41,,2000-08-23T17:00:00.000-07:00,,,2018-05-31T10:00:00.000-07:00,5.71,744,740,10525.0,C,MORTGAGE,1468.0,59.8,132188144,2018-05-01T10:00:00.000-07:00,F,0,0,0,824.57,16.01,,VERIFIED,,2018-05-01T10:00:00.000-07:00,33900.0,14686.0,148326538,122.0,212,12,12,3,1377.71,,,,25.0,12.0,,23.0,,0,8,9,10,14,5,13,17,9,16,0.0,0,0,1,16,0,2,0,0,1,2,100,0.0,0,0,debt_consolidation,APPROVED,2018-05-01T09:18:17.000-07:00,51138.0,,41.5,,,,,,,,,,,,,0.78,C5,0,60,0,294720,401943,26,84935,33797.0,114100,0,56543,123100
13,13,0,6,2018-04-30T18:35:26.000-07:00,CA,921xx,51.4,140000.0,140000.0,JOINT,15700,27135.0,58.9,0,0,2018-04-30T18:23:11.000-07:00,0,0.0,,CASH,15.16,19.18,2008-04-30T17:00:00.000-07:00,120.0,District Manager,2018-05-31T10:00:00.000-07:00,15.63,674,670,23575.0,E,MORTGAGE,1246.0,51.4,132536868,2018-05-01T10:00:00.000-07:00,F,0,4,1,729.56,26.77,,NOT_VERIFIED,NOT_VERIFIED,2018-05-01T10:00:00.000-07:00,24000.0,9174.0,148913830,120.0,118,6,3,4,1262.33,,,,3.0,6.0,,2.0,,0,9,12,12,14,6,17,22,12,22,0.0,0,0,5,22,2,3,2,2,2,3,100,33.3,0,0,credit_card,APPROVED,2018-05-01T08:40:35.000-07:00,44086.0,68209.0,51.4,0.0,0.0,2009-05-31T17:00:00.000-07:00,679.0,675.0,0.0,0.0,,14.0,12.0,0.0,53.2,1.26,E5,0,60,0,329701,392172,33,63594,19508.0,66000,4,37972,85700
14,14,0,4,2018-04-30T08:18:04.000-07:00,CA,913xx,70.2,69000.0,114000.0,JOINT,28485,7140.0,71.6,0,0,2018-04-30T08:01:26.000-07:00,0,0.0,,CASH,25.53,18.56,1981-02-27T16:00:00.000-08:00,36.0,Credentialing Supervisor,2018-05-31T10:00:00.000-07:00,11.12,704,700,7300.0,D,MORTGAGE,1854.0,77.8,132513212,2018-05-01T10:00:00.000-07:00,F,4,5,0,287.1,17.47,,NOT_VERIFIED,NOT_VERIFIED,2018-05-01T10:00:00.000-07:00,8000.0,13431.0,148877971,78.0,118,26,3,1,1859.15,,,,3.0,26.0,,3.0,,0,4,5,5,5,6,7,7,5,13,0.0,0,0,2,13,1,4,2,3,0,0,100,40.0,0,0,debt_consolidation,APPROVED,2018-05-01T07:35:37.000-07:00,18084.0,22395.0,58.3,0.0,0.0,2008-06-29T17:00:00.000-07:00,654.0,650.0,0.0,1.0,34.0,5.0,8.0,3.0,89.4,1.36,D1,0,36,0,341816,372593,15,55837,37753.0,25100,1,48553,31000
15,15,0,5,2018-04-29T20:48:55.000-07:00,CA,925xx,32.2,43000.0,,INDIVIDUAL,656,1353.0,49.9,0,0,2018-04-29T20:43:27.000-07:00,5,0.0,,CASH,5.19,,2001-12-29T16:00:00.000-08:00,120.0,pharmacy Technicain,2018-05-31T10:00:00.000-07:00,6.8,689,685,1075.0,C,RENT,500.0,74.4,132498258,2018-05-01T10:00:00.000-07:00,F,0,1,0,86.72,15.04,,NOT_VERIFIED,,2018-05-01T10:00:00.000-07:00,2500.0,1109.0,148861882,196.0,182,6,6,0,0.0,13.0,16.0,,84.0,18.0,16.0,10.0,16.0,5,2,5,3,4,6,7,10,5,9,0.0,0,2,4,9,2,2,0,0,4,5,50,33.3,0,0,medical,APPROVED,2018-05-01T08:02:23.000-07:00,2163.0,,16.3,,,,,,,,,,,,,1.13,C4,0,36,1457,5901,18325,16,5901,3738.0,2700,0,5025,13300
16,16,0,1,2018-04-30T11:45:19.000-07:00,OH,442xx,68.2,20000.0,,INDIVIDUAL,1409,1698.0,71.2,0,0,2018-04-30T11:41:26.000-07:00,0,0.0,,CASH,9.12,,2010-06-29T17:00:00.000-07:00,0.0,Server,2018-05-31T10:00:00.000-07:00,6.8,699,695,1500.0,C,OWN,,,132527288,2018-05-01T10:00:00.000-07:00,F,0,2,1,101.93,13.58,,SOURCE_VERIFIED,,2018-05-01T10:00:00.000-07:00,3000.0,3311.0,148889209,,94,6,6,0,0.0,,,,,58.0,,6.0,,0,2,3,2,2,0,3,3,3,3,0.0,0,0,1,3,1,0,0,0,1,1,100,50.0,0,0,moving,APPROVED,2018-05-01T08:39:05.000-07:00,4228.0,,68.2,,,,,,,,,,,,,1.13,C2,0,36,0,4228,6200,3,4228,0.0,5900,0,0,6200
17,17,0,4,2018-04-30T14:42:16.000-07:00,NE,688xx,48.3,33000.0,,INDIVIDUAL,574,3978.0,49.6,0,0,2018-04-29T18:48:06.000-07:00,1,0.0,,CASH,9.89,,2009-08-29T17:00:00.000-07:00,120.0,Dept manager,2018-05-31T10:00:00.000-07:00,6.8,664,660,3200.0,C,RENT,800.0,,132489019,2018-05-01T10:00:00.000-07:00,F,0,0,0,171.06,14.07,,NOT_VERIFIED,,2018-05-01T10:00:00.000-07:00,5000.0,1896.0,148852634,104.0,34,13,13,0,0.0,11.0,77.0,,56.0,15.0,,15.0,,1,4,7,5,6,5,8,9,7,8,0.0,0,0,0,8,0,0,0,0,0,4,85,60.0,0,0,credit_card,APPROVED,2018-05-01T08:41:26.000-07:00,4588.0,,48.3,,,,,,,,,,,,,1.13,C3,0,36,0,4588,9500,14,4588,0.0,7900,0,0,9500
18,18,0,3,2018-04-30T21:47:55.000-07:00,CA,914xx,37.9,15000.0,,INDIVIDUAL,1241,10604.0,40.8,0,0,2018-04-30T21:34:06.000-07:00,0,0.0,,CASH,28.0,,2013-09-30T17:00:00.000-07:00,120.0,Merchandise ,2018-05-31T10:00:00.000-07:00,6.8,679,675,1350.0,C,MORTGAGE,600.0,53.2,132557460,2018-05-01T10:00:00.000-07:00,F,2,4,1,117.28,12.61,,SOURCE_VERIFIED,,2018-05-01T10:00:00.000-07:00,3500.0,3012.0,148911467,9.0,55,8,8,0,0.0,,,103.0,9.0,12.0,,5.0,,0,3,4,3,3,1,6,6,4,7,0.0,0,0,3,7,0,1,1,1,2,2,100,0.0,1,1,debt_consolidation,APPROVED,2018-05-01T09:46:18.000-07:00,7358.0,,36.1,,,,,,,,,,,,,1.13,C1,0,36,287,8688,22900,7,8688,1330.0,17900,0,2500,20400
19,19,0,0,2018-04-30T14:33:07.000-07:00,NY,104xx,43.5,60000.0,120000.0,JOINT,2039,7171.0,74.5,0,0,2018-04-30T08:58:36.000-07:00,3,0.0,,CASH,35.24,17.87,1991-01-29T16:00:00.000-08:00,120.0,Office Manager,2018-05-31T10:00:00.000-07:00,11.12,684,680,3650.0,D,RENT,100.0,36.5,132512589,2018-05-01T10:00:00.000-07:00,F,0,0,0,218.28,18.45,,SOURCE_VERIFIED,NOT_VERIFIED,2018-05-01T10:00:00.000-07:00,6000.0,6467.0,148870632,81.0,327,54,31,0,0.0,2.0,23.0,,31.0,56.0,,,,2,8,14,8,8,7,16,21,14,20,0.0,0,2,0,20,0,4,0,0,0,0,89,50.0,0,0,car,APPROVED,2018-05-01T08:09:02.000-07:00,24271.0,25089.0,49.2,0.0,0.0,2012-06-29T17:00:00.000-07:00,674.0,670.0,2.0,0.0,,2.0,2.0,0.0,35.6,1.36,D2,0,36,0,38743,88991,28,38743,14472.0,28100,1,39691,49300
20,20,0,6,2018-04-30T17:29:02.000-07:00,CA,949xx,74.8,31000.0,,INDIVIDUAL,3904,,,0,0,2018-04-30T17:26:19.000-07:00,0,0.0,,CASH,23.73,,2008-02-29T16:00:00.000-08:00,0.0,CNA,2018-05-31T10:00:00.000-07:00,6.8,679,675,1500.0,C,RENT,500.0,83.9,132540590,2018-05-01T10:00:00.000-07:00,F,1,1,1,136.85,14.07,,SOURCE_VERIFIED,,2018-05-01T10:00:00.000-07:00,4000.0,0.0,148904522,122.0,120,3,3,0,0.0,,,,8.0,,,2.0,,0,0,1,0,3,6,3,11,1,5,0.0,0,0,4,5,1,2,1,3,3,3,94,,0,0,debt_consolidation,APPROVED,2018-05-01T08:27:40.000-07:00,121.0,,4.0,,,,,,,,,,,,,1.13,C3,0,36,5340,19518,26106,17,19518,19397.0,0,2,23106,3000
21,21,0,10,2018-05-01T08:40:15.000-07:00,IN,478xx,76.9,65000.0,,INDIVIDUAL,3696,6339.0,66.8,0,0,2018-04-23T18:37:49.000-07:00,0,0.0,,CASH,28.58,,2007-12-23T16:00:00.000-08:00,48.0,Tower Foreman ,2018-05-31T10:00:00.000-07:00,15.63,669,665,17125.0,E,RENT,500.0,87.9,132156129,2018-05-01T10:00:00.000-07:00,F,1,4,1,562.67,22.9,,NOT_VERIFIED,,2018-05-01T10:00:00.000-07:00,20000.0,5406.0,148306393,65.0,124,2,2,0,0.0,,,,3.0,2.0,,2.0,,0,6,11,9,9,12,15,17,11,17,0.0,0,0,4,17,3,2,2,5,2,5,100,44.4,0,0,debt_consolidation,APPROVED,2018-05-01T08:44:49.000-07:00,23143.0,,75.4,,,,,,,,,,,,,1.26,E1,0,60,0,59134,70727,29,59134,35991.0,19100,7,40027,30700
22,22,0,13,2018-04-30T19:02:37.000-07:00,GA,302xx,63.1,42000.0,,INDIVIDUAL,2369,9572.0,27.5,0,0,2018-04-30T18:48:41.000-07:00,0,0.0,,CASH,22.23,,2011-04-30T17:00:00.000-07:00,48.0,Correctional Officer,2018-05-31T10:00:00.000-07:00,6.8,704,700,2075.0,C,RENT,500.0,96.2,132541812,2018-05-01T10:00:00.000-07:00,F,1,3,2,173.43,15.04,,SOURCE_VERIFIED,,2018-05-01T10:00:00.000-07:00,5000.0,3268.0,148905804,35.0,84,1,1,0,0.0,58.0,58.0,,3.0,1.0,58.0,0.0,58.0,4,4,8,8,11,3,14,21,8,15,0.0,0,0,7,15,5,1,1,1,6,12,94,12.5,0,0,debt_consolidation,APPROVED,2018-05-01T09:00:16.000-07:00,4423.0,,18.4,,,,,,,,,,,,,1.13,C4,0,36,0,35542,56365,24,35542,31119.0,13200,0,32365,24000
23,23,0,3,2018-04-30T11:43:28.000-07:00,RI,028xx,74.0,32000.0,92000.0,JOINT,2237,2877.0,75.2,0,0,2018-04-30T11:35:20.000-07:00,0,0.0,,CASH,6.26,7.08,2014-05-29T17:00:00.000-07:00,36.0,Wait staff,2018-05-31T10:00:00.000-07:00,11.12,709,705,6875.0,D,OWN,,,132529170,2018-05-01T10:00:00.000-07:00,F,0,1,1,381.13,21.85,,NOT_VERIFIED,NOT_VERIFIED,2018-05-01T10:00:00.000-07:00,10000.0,7410.0,148892994,,47,1,1,0,0.0,,,,,1.0,,5.0,,0,2,3,3,3,0,4,4,3,4,0.0,0,0,3,4,3,0,0,0,3,3,100,33.3,0,0,debt_consolidation,APPROVED,2018-05-01T07:43:44.000-07:00,8949.0,10655.0,74.0,0.0,0.0,2008-12-29T16:00:00.000-08:00,639.0,635.0,0.0,0.0,,3.0,5.0,1.0,60.9,1.36,D5,0,36,0,8949,12100,4,8949,0.0,11600,0,0,12100
24,24,0,1,2018-04-30T18:34:11.000-07:00,DC,200xx,68.4,40000.0,,INDIVIDUAL,4968,1327.0,69.8,0,1,2018-04-30T18:23:43.000-07:00,2,0.0,,CASH,27.33,,1993-12-31T16:00:00.000-08:00,36.0,Nurse,2018-05-31T10:00:00.000-07:00,11.12,674,670,3850.0,D,RENT,800.0,67.9,132540780,2018-05-01T10:00:00.000-07:00,F,1,2,1,266.8,21.85,,SOURCE_VERIFIED,,2018-05-01T10:00:00.000-07:00,7000.0,2972.0,148904731,135.0,292,4,4,0,0.0,18.0,18.0,,31.0,39.0,28.0,4.0,18.0,3,2,4,4,5,9,9,17,4,12,0.0,0,2,1,12,1,3,0,0,1,1,74,25.0,0,0,debt_consolidation,APPROVED,2018-05-01T09:21:58.000-07:00,5426.0,,69.6,,,,,,,,,,,,,1.36,D5,0,36,0,54643,54845,27,54643,49217.0,4400,0,47045,7800
25,25,0,6,2018-05-01T07:42:37.000-07:00,PA,193xx,72.8,95000.0,,INDIVIDUAL,36259,126.0,82.0,0,0,2018-05-01T07:37:14.000-07:00,1,0.0,,CASH,27.12,,2004-03-31T16:00:00.000-08:00,72.0,Clinical Dietitian ,2018-05-31T10:00:00.000-07:00,6.8,674,670,2400.0,C,MORTGAGE,2300.0,75.0,132567598,2018-05-01T10:00:00.000-07:00,F,1,3,0,187.64,12.61,,SOURCE_VERIFIED,,2018-05-01T10:00:00.000-07:00,5600.0,574.0,148921665,143.0,169,7,7,8,2231.71,5.0,,,15.0,7.0,,7.0,,0,1,3,1,7,12,6,14,3,12,0.0,0,0,3,12,0,5,0,1,3,5,94,100.0,0,0,debt_consolidation,APPROVED,2018-05-01T07:43:49.000-07:00,16814.0,,67.8,,,,,,,,,,,,,1.13,C1,0,36,0,435106,477375,34,59294,42480.0,700,0,56605,24800
26,26,0,2,2018-05-01T05:51:01.000-07:00,MA,015xx,48.6,87000.0,,INDIVIDUAL,21922,29914.0,7.1,0,0,2018-05-01T05:49:34.000-07:00,1,0.0,,CASH,23.21,,1996-09-30T17:00:00.000-07:00,120.0,IT Manager,2018-05-31T10:00:00.000-07:00,3.8,749,745,2450.0,B,MORTGAGE,917.0,69.4,132559962,2018-05-01T10:00:00.000-07:00,F,1,1,1,192.81,9.43,,NOT_VERIFIED,,2018-05-01T10:00:00.000-07:00,6025.0,1674.0,148926006,133.0,259,50,3,2,898.28,9.0,,,3.0,50.0,,3.0,,0,2,2,3,4,6,3,5,2,7,0.0,0,0,1,7,1,3,1,2,0,0,92,0.0,0,0,debt_consolidation,APPROVED,2018-05-01T05:53:24.000-07:00,2286.0,,7.1,,,,,,,,,,,,,0.96,B1,0,36,0,153453,220536,13,46756,44470.0,32200,0,64100,32200
27,27,0,4,2018-05-01T05:59:17.000-07:00,OH,431xx,36.4,42000.0,,INDIVIDUAL,22544,37388.0,26.4,0,0,2018-05-01T05:49:40.000-07:00,0,0.0,,CASH,22.26,,2006-06-30T17:00:00.000-07:00,24.0,Accounting Technician ,2018-05-31T10:00:00.000-07:00,1.86,719,715,1975.0,A,MORTGAGE,1208.0,92.8,132565154,2018-05-01T10:00:00.000-07:00,F,3,0,0,184.47,6.71,,NOT_VERIFIED,,2018-05-01T10:00:00.000-07:00,6000.0,5667.0,148920279,130.0,142,2,2,2,1207.85,,,,14.0,2.0,,14.0,,0,7,7,9,9,7,9,11,7,12,0.0,0,0,1,12,1,2,0,2,1,1,100,0.0,0,0,major_purchase,APPROVED,2018-05-01T06:30:19.000-07:00,13412.0,,26.4,,,,,,,,,,,,,0.83,A3,0,36,0,270526,292767,20,89171,75759.0,50800,0,56367,50800
28,28,0,5,2018-05-01T09:08:52.000-07:00,NY,108xx,23.3,87000.0,,INDIVIDUAL,890,20152.0,21.3,0,0,2018-05-01T09:06:22.000-07:00,1,0.0,,CASH,12.99,,2007-05-31T17:00:00.000-07:00,120.0,Correction officer,2018-05-31T10:00:00.000-07:00,3.8,724,720,6925.0,B,RENT,1300.0,35.1,132567043,2018-05-01T10:00:00.000-07:00,F,1,2,0,354.53,9.92,,NOT_VERIFIED,,2018-05-01T10:00:00.000-07:00,11000.0,3519.0,148930289,131.0,127,11,9,0,0.0,19.0,,,9.0,13.0,,9.0,19.0,0,5,9,7,8,7,18,22,9,20,0.0,0,0,2,20,0,2,1,1,1,4,96,14.3,0,0,debt_consolidation,APPROVED,2018-05-01T09:10:39.000-07:00,6960.0,,15.3,,,,,,,,,,,,,0.96,B2,0,36,0,17804,76475,29,17804,10844.0,25600,0,30875,45600
29,29,0,8,2018-04-30T17:15:53.000-07:00,CO,813xx,30.2,32000.0,,INDIVIDUAL,1656,22755.0,17.0,0,0,2018-04-30T17:05:41.000-07:00,0,0.0,,DIRECT_PAY,35.58,,2005-10-31T16:00:00.000-08:00,120.0,Stocker ,2018-05-31T10:00:00.000-07:00,14.72,739,735,1700.0,E,MORTGAGE,0.0,54.3,132530940,2018-05-01T10:00:00.000-07:00,F,1,2,1,233.1,25.81,,NOT_VERIFIED,,2018-05-01T10:00:00.000-07:00,5800.0,2853.0,148905870,122.0,150,3,3,0,0.0,64.0,,,8.0,3.0,,3.0,,0,3,3,5,15,7,10,21,3,11,0.0,0,0,4,11,3,1,1,2,3,6,96,0.0,0,0,debt_consolidation,APPROVED,2018-05-01T09:06:25.000-07:00,4645.0,,13.2,,,,,,,,,,,,,1.58,E4,0,36,0,18212,60300,28,18212,13567.0,27400,1,25000,35300
30,30,0,6,2018-04-30T08:05:40.000-07:00,OH,454xx,58.2,50000.0,,INDIVIDUAL,24574,16481.0,21.9,0,0,2018-04-30T07:49:34.000-07:00,0,0.0,,CASH,24.99,,1984-09-29T17:00:00.000-07:00,24.0,Asset Protection Officer,2018-05-31T10:00:00.000-07:00,1.86,759,755,3575.0,A,MORTGAGE,1800.0,77.8,132515138,2018-05-01T10:00:00.000-07:00,F,5,0,0,243.63,6.07,,VERIFIED,,2018-05-01T10:00:00.000-07:00,8000.0,3130.0,148878851,138.0,403,5,5,2,1817.08,,,87.0,16.0,5.0,,13.0,,0,4,5,5,8,4,7,13,5,10,0.0,0,0,2,10,1,2,0,1,2,5,100,0.0,1,1,home_improvement,APPROVED,2018-05-01T09:50:17.000-07:00,5202.0,,22.5,,,,,,,,,,,,,0.83,A2,0,36,0,221165,271354,19,38016,32814.0,21100,5,42170,23100
31,31,0,5,2018-04-30T13:32:50.000-07:00,NC,285xx,45.0,41000.0,,INDIVIDUAL,1664,8137.0,26.0,0,0,2018-04-30T13:27:46.000-07:00,0,0.0,,CASH,10.86,,1997-01-29T16:00:00.000-08:00,120.0,teacher parent,2018-05-31T10:00:00.000-07:00,6.8,744,740,1600.0,C,RENT,600.0,71.3,132530134,2018-05-01T10:00:00.000-07:00,F,5,3,3,218.96,14.07,,SOURCE_VERIFIED,,2018-05-01T10:00:00.000-07:00,6400.0,1905.0,148893988,135.0,255,17,5,0,0.0,,,,5.0,17.0,,1.0,,0,2,3,4,11,9,9,19,3,10,0.0,0,0,1,10,1,1,1,3,0,2,100,25.0,0,0,debt_consolidation,APPROVED,2018-05-01T09:41:56.000-07:00,3891.0,,20.4,,,,,,,,,,,,,1.13,C3,0,36,0,16641,36980,28,16641,12750.0,11000,0,17880,19100
32,32,0,1,2018-05-01T05:39:01.000-07:00,NY,125xx,33.2,46000.0,,INDIVIDUAL,2291,585.0,72.1,0,0,2018-05-01T05:21:31.000-07:00,1,0.0,,CASH,21.0,,2001-07-31T17:00:00.000-07:00,120.0,Site supervisor,2018-05-31T10:00:00.000-07:00,3.8,694,690,5175.0,B,RENT,800.0,31.1,132556950,2018-05-01T10:00:00.000-07:00,F,0,0,0,332.05,11.98,,NOT_VERIFIED,,2018-05-01T10:00:00.000-07:00,10000.0,955.0,148922024,180.0,201,15,15,0,0.0,4.0,,,59.0,15.0,,17.0,,1,2,4,2,3,2,4,9,4,6,0.0,0,0,0,6,0,2,0,0,0,1,81,0.0,0,0,credit_card,APPROVED,2018-05-01T06:02:39.000-07:00,3349.0,,41.9,,,,,,,,,,,,,0.96,B5,0,36,0,13744,41430,11,13744,10395.0,2100,0,33430,8000
33,33,0,2,2018-05-01T07:19:19.000-07:00,FL,347xx,69.2,48000.0,,INDIVIDUAL,11616,6580.0,73.0,0,0,2018-04-30T06:34:49.000-07:00,2,0.0,,CASH,24.63,,2005-10-29T17:00:00.000-07:00,120.0,Flight attendant,2018-05-31T10:00:00.000-07:00,14.72,664,660,5100.0,E,MORTGAGE,848.0,64.8,132503866,2018-05-01T10:00:00.000-07:00,F,0,0,0,391.65,23.87,,NOT_VERIFIED,,2018-05-01T10:00:00.000-07:00,10000.0,4478.0,148866577,24.0,150,5,5,1,848.0,16.0,19.0,,24.0,5.0,16.0,,16.0,1,8,9,8,12,1,9,16,9,11,0.0,0,1,1,11,1,1,0,1,1,1,94,50.0,0,0,debt_consolidation,APPROVED,2018-05-01T07:21:17.000-07:00,18729.0,,72.3,,,,,,,,,,,,,1.58,E2,0,36,0,127779,149147,19,30552,11823.0,24400,0,18247,25900
34,34,0,7,2018-05-01T09:37:37.000-07:00,CO,807xx,56.9,66000.0,,INDIVIDUAL,10570,13541.0,36.4,0,0,2018-05-01T09:23:45.000-07:00,0,0.0,,CASH,16.2,,2005-02-28T16:00:00.000-08:00,84.0,Grain Merchandiser,2018-05-31T10:00:00.000-07:00,6.8,714,710,875.0,C,MORTGAGE,575.0,77.5,132571970,2018-05-01T10:00:00.000-07:00,F,1,4,2,203.85,13.58,,SOURCE_VERIFIED,,2018-05-01T10:00:00.000-07:00,6000.0,4645.0,148937126,158.0,109,6,6,2,744.15,,,113.0,7.0,6.0,,6.0,,0,3,4,6,6,12,7,8,4,11,0.0,0,0,4,11,1,3,2,3,2,3,100,33.3,1,1,car,APPROVED,2018-05-01T09:40:34.000-07:00,7789.0,,35.7,,,,,,,,,,,,,1.13,C2,0,36,0,116269,140144,22,25109,17320.0,21300,0,22344,21800
35,35,0,7,2018-05-01T07:05:20.000-07:00,TN,373xx,63.2,70000.0,,INDIVIDUAL,16035,7858.0,21.4,0,0,2018-05-01T06:45:41.000-07:00,0,0.0,,CASH,31.24,,2004-12-31T16:00:00.000-08:00,120.0,Maintenance Supervisor,2018-05-31T10:00:00.000-07:00,6.8,729,725,5650.0,C,MORTGAGE,1060.0,76.4,132563080,2018-05-01T10:00:00.000-07:00,F,2,1,0,368.58,12.61,,NOT_VERIFIED,,2018-05-01T10:00:00.000-07:00,11000.0,1902.0,148929125,160.0,151,10,2,2,0.0,28.0,,,2.0,10.0,28.0,8.0,28.0,0,2,4,3,7,8,5,10,4,8,0.0,0,0,4,8,1,3,2,3,2,4,85,0.0,0,0,debt_consolidation,APPROVED,2018-05-01T07:13:48.000-07:00,4593.0,,32.1,,,,,,,,,,,,,1.13,C1,0,36,0,128280,175810,20,128280,123687.0,10000,2,161510,14300
36,36,0,3,2018-05-01T09:19:32.000-07:00,CO,800xx,88.3,50000.0,,INDIVIDUAL,30113,16765.0,20.5,0,0,2018-05-01T09:18:05.000-07:00,0,0.0,,CASH,33.15,,1999-03-31T16:00:00.000-08:00,,,2018-05-31T10:00:00.000-07:00,6.8,669,665,3525.0,C,MORTGAGE,1402.0,136.6,132571948,2018-05-01T10:00:00.000-07:00,F,0,1,0,301.56,12.61,,NOT_VERIFIED,,2018-05-01T10:00:00.000-07:00,9000.0,4235.0,148937100,154.0,229,1,1,3,1402.08,65.0,65.0,57.0,11.0,1.0,,8.0,,1,2,2,4,10,10,4,11,2,9,0.0,0,0,3,9,1,4,1,1,1,1,72,0.0,1,1,credit_card,APPROVED,2018-05-01T09:29:24.000-07:00,4335.0,,20.5,,,,,,,,,,,,,1.13,C1,0,36,0,271018,300682,24,61501,57166.0,21100,0,67682,21100
37,37,0,4,2018-05-01T09:04:58.000-07:00,IL,605xx,73.5,25000.0,,INDIVIDUAL,1102,906.0,82.9,0,0,2018-05-01T08:41:01.000-07:00,0,0.0,,CASH,7.35,,2004-02-29T16:00:00.000-08:00,24.0,inserter,2018-05-31T10:00:00.000-07:00,6.8,689,685,6400.0,C,RENT,500.0,,132572720,2018-05-01T10:00:00.000-07:00,F,0,0,0,421.95,16.01,,NOT_VERIFIED,,2018-05-01T10:00:00.000-07:00,12000.0,2478.0,148938835,170.0,23,13,13,0,0.0,,,,170.0,13.0,,22.0,,0,3,4,3,3,1,4,4,4,4,0.0,0,0,0,4,0,0,0,0,0,4,100,33.3,0,0,other,APPROVED,2018-05-01T09:10:30.000-07:00,4408.0,,73.5,,,,,,,,,,,,,1.13,C5,0,36,0,4408,6000,5,4408,0.0,5300,0,0,6000
38,38,0,2,2018-05-01T06:43:56.000-07:00,MA,027xx,78.3,100000.0,,INDIVIDUAL,4899,2474.0,38.1,0,0,2018-05-01T06:37:14.000-07:00,7,0.0,,CASH,4.57,,1994-09-30T17:00:00.000-07:00,72.0,Pipefitter,2018-05-31T10:00:00.000-07:00,11.12,669,665,2100.0,D,RENT,900.0,91.6,132565364,2018-05-01T10:00:00.000-07:00,F,5,10,0,291.03,18.45,,NOT_VERIFIED,,2018-05-01T10:00:00.000-07:00,8000.0,1526.0,148920503,283.0,36,13,11,0,0.0,15.0,15.0,,11.0,36.0,,2.0,,15,1,2,1,1,19,2,2,2,3,0.0,0,7,1,3,0,1,1,1,0,1,28,0.0,0,0,major_purchase,APPROVED,2018-05-01T06:58:11.000-07:00,1538.0,,35.0,,,,,,,,,,,,,1.36,D2,0,36,0,14696,18764,21,14696,13158.0,4000,0,14364,4400
39,39,0,3,2018-04-30T18:08:24.000-07:00,FL,330xx,65.4,60000.0,,INDIVIDUAL,5019,5220.0,80.8,0,0,2018-04-30T18:05:52.000-07:00,0,0.0,,CASH,34.0,,2011-03-31T17:00:00.000-07:00,24.0,President Owner,2018-05-31T10:00:00.000-07:00,11.12,684,680,4050.0,D,RENT,500.0,56.5,132532003,2018-05-01T10:00:00.000-07:00,F,2,3,2,358.88,17.47,,NOT_VERIFIED,,2018-05-01T10:00:00.000-07:00,10000.0,8439.0,148907065,66.0,85,3,3,0,0.0,,,,21.0,23.0,,1.0,,0,7,11,8,9,3,12,15,11,14,0.0,0,0,1,14,1,2,0,1,1,2,100,50.0,0,0,other,APPROVED,2018-05-01T08:31:52.000-07:00,25643.0,,72.0,,,,,,,,,,,,,1.36,D1,0,36,0,70270,99214,18,70270,44627.0,27200,0,63614,35600
40,40,0,2,2018-05-01T08:10:37.000-07:00,VA,226xx,60.7,115000.0,,INDIVIDUAL,14607,7472.0,82.0,1,0,2018-05-01T08:04:40.000-07:00,1,0.0,,CASH,15.87,,1989-04-30T17:00:00.000-07:00,120.0,Budget Analyst,2018-05-31T10:00:00.000-07:00,6.8,704,700,28275.0,C,MORTGAGE,917.0,59.8,132565760,2018-05-01T10:00:00.000-07:00,F,3,3,0,1213.98,15.04,,SOURCE_VERIFIED,,2018-05-01T10:00:00.000-07:00,35000.0,27893.0,148930936,60.0,348,20,9,1,984.21,12.0,12.0,,9.0,33.0,,7.0,12.0,1,2,3,3,3,3,8,13,3,12,0.0,0,1,1,12,0,3,1,1,0,1,94,66.7,0,0,debt_consolidation,APPROVED,2018-05-01T08:19:28.000-07:00,34106.0,,61.6,,,,,,,,,,,,,1.13,C4,0,36,0,160676,242562,19,66205,32099.0,41500,2,53662,55400
41,41,0,6,2018-04-30T12:59:26.000-07:00,AZ,852xx,88.3,82000.0,,INDIVIDUAL,51989,9792.0,69.8,0,0,2018-04-30T12:55:14.000-07:00,0,0.0,,CASH,20.74,,2005-09-29T17:00:00.000-07:00,,,2018-05-31T10:00:00.000-07:00,6.8,674,670,2925.0,C,MORTGAGE,1800.0,96.3,132526657,2018-05-01T10:00:00.000-07:00,F,1,1,0,342.12,14.07,,NOT_VERIFIED,,2018-05-01T10:00:00.000-07:00,10000.0,14426.0,148891537,134.0,151,18,8,6,1693.3,,,,8.0,18.0,,11.0,,0,3,3,3,5,10,3,10,3,7,0.0,0,0,3,7,0,3,3,3,0,1,100,66.7,0,0,credit_card,APPROVED,2018-05-01T08:41:02.000-07:00,22608.0,,69.8,,,,,,,,,,,,,1.13,C3,0,36,0,363920,381288,26,95111,72503.0,32400,1,75288,32400
42,42,0,7,2018-04-30T15:32:33.000-07:00,FL,334xx,74.3,75000.0,,INDIVIDUAL,2883,1301.0,79.3,0,0,2018-04-30T15:29:52.000-07:00,0,0.0,,CASH,16.96,,2006-06-29T17:00:00.000-07:00,120.0,General Agent,2018-05-31T10:00:00.000-07:00,3.8,669,665,3600.0,B,MORTGAGE,1600.0,84.8,132540155,2018-05-01T10:00:00.000-07:00,F,0,1,0,365.26,11.98,,VERIFIED,,2018-05-01T10:00:00.000-07:00,11000.0,4097.0,148904052,142.0,140,3,3,0,0.0,,,,9.0,24.0,,12.0,,0,3,10,3,3,5,11,11,10,13,0.0,0,0,5,13,2,2,2,2,3,5,100,33.3,0,0,debt_consolidation,APPROVED,2018-05-01T08:05:51.000-07:00,9939.0,,55.2,,,,,,,,,,,,,0.96,B5,0,36,334,37476,50466,16,37476,27537.0,6300,2,32466,18000
43,43,0,8,2018-04-30T04:30:18.000-07:00,NY,147xx,44.8,32000.0,,INDIVIDUAL,3103,15768.0,6.1,0,0,2018-04-30T04:20:08.000-07:00,0,0.0,,CASH,30.61,,2010-02-27T16:00:00.000-08:00,12.0,Electrician ,2018-05-31T10:00:00.000-07:00,1.86,769,765,3550.0,A,OWN,,73.0,132497616,2018-05-01T10:00:00.000-07:00,F,1,2,0,344.5,7.96,,SOURCE_VERIFIED,,2018-05-01T10:00:00.000-07:00,11000.0,1032.0,148861270,83.0,98,10,10,0,0.0,,,,12.0,10.0,,7.0,,0,1,1,5,8,9,6,11,1,8,0.0,0,0,2,8,0,2,1,2,1,6,100,0.0,0,0,debt_consolidation,APPROVED,2018-05-01T09:16:12.000-07:00,1032.0,,4.5,,,,,,,,,,,,,0.83,A5,0,36,0,24827,55374,20,24827,23795.0,16800,0,32574,22800
44,44,0,1,2018-05-01T06:42:04.000-07:00,NJ,076xx,55.9,108000.0,,INDIVIDUAL,45837,3891.0,82.5,0,0,2018-05-01T06:39:48.000-07:00,0,0.0,,CASH,16.91,,2004-08-31T17:00:00.000-07:00,120.0,Account Executive,2018-05-31T10:00:00.000-07:00,1.86,694,690,4175.0,A,MORTGAGE,1950.0,36.4,132564046,2018-05-01T10:00:00.000-07:00,F,3,3,0,372.4,7.34,,NOT_VERIFIED,,2018-05-01T10:00:00.000-07:00,12000.0,9874.0,148928137,164.0,148,46,19,2,2023.2,,,89.0,19.0,49.0,,3.0,,0,3,3,3,5,11,3,7,3,6,0.0,0,0,0,6,0,2,0,1,0,0,100,66.7,1,1,credit_card,APPROVED,2018-05-01T06:46:17.000-07:00,18309.0,,82.5,,,,,,,,,,,,,0.83,A4,0,36,0,275019,327985,20,29291,10982.0,22200,0,30185,22200
45,45,0,11,2018-04-30T16:41:07.000-07:00,MS,395xx,30.6,47000.0,,INDIVIDUAL,13127,36614.0,29.7,0,0,2018-04-30T16:31:15.000-07:00,0,0.0,,DIRECT_PAY,10.6,,2006-01-29T16:00:00.000-08:00,108.0,Marketing rep,2018-05-31T10:00:00.000-07:00,1.86,704,700,3925.0,A,MORTGAGE,1470.0,,132536492,2018-05-01T10:00:00.000-07:00,F,0,2,0,365.45,6.07,,SOURCE_VERIFIED,,2018-05-01T10:00:00.000-07:00,12000.0,5812.0,148900428,,147,4,4,5,1469.93,29.0,81.0,,,4.0,43.0,11.0,43.0,0,10,12,10,12,0,12,14,12,13,0.0,0,0,8,13,3,0,0,0,7,10,84,10.0,0,0,debt_consolidation,APPROVED,2018-05-01T07:48:38.000-07:00,17644.0,,30.6,,,,,,,,,,,,,0.83,A2,0,36,0,170646,212700,19,17644,0.0,52100,0,0,57700
46,46,0,1,2018-04-28T12:47:25.000-07:00,CA,913xx,0.1,40000.0,,INDIVIDUAL,2,3997.0,0.1,0,0,2018-04-28T12:37:06.000-07:00,0,0.0,,CASH,0.09,,2008-08-27T17:00:00.000-07:00,48.0,Technician applicator,2018-05-31T10:00:00.000-07:00,3.8,669,665,1700.0,B,RENT,800.0,,132455211,2018-05-01T10:00:00.000-07:00,F,0,1,0,326.92,10.9,,NOT_VERIFIED,,2018-05-01T10:00:00.000-07:00,10000.0,3.0,148818593,73.0,116,13,13,0,0.0,28.0,64.0,,73.0,13.0,64.0,12.0,28.0,1,1,1,1,3,1,2,5,1,2,0.0,0,0,0,2,0,0,0,0,0,1,50,0.0,0,0,major_purchase,APPROVED,2018-05-01T08:07:51.000-07:00,3.0,,0.1,,,,,,,,,,,,,0.96,B4,0,36,0,3,4100,6,3,0.0,4000,0,0,4100
47,47,0,2,2018-04-30T13:54:10.000-07:00,CT,060xx,71.4,43000.0,,INDIVIDUAL,8231,1186.0,89.2,0,0,2018-04-30T13:45:22.000-07:00,0,0.0,,CASH,26.43,,1994-10-29T17:00:00.000-07:00,120.0,PharMacy technician ,2018-05-31T10:00:00.000-07:00,6.8,759,755,6625.0,C,RENT,900.0,79.0,132521014,2018-05-01T10:00:00.000-07:00,F,3,0,0,502.6,12.61,,SOURCE_VERIFIED,,2018-05-01T10:00:00.000-07:00,15000.0,9814.0,148895962,174.0,282,29,13,0,0.0,,,,13.0,29.0,,13.0,,0,1,1,1,6,4,3,15,1,5,0.0,0,0,0,5,0,2,0,2,0,0,100,100.0,0,0,credit_card,APPROVED,2018-05-01T09:16:40.000-07:00,9814.0,,54.5,,,,,,,,,,,,,1.13,C1,0,36,0,41156,57651,19,41156,31342.0,11000,1,39651,18000
48,48,0,3,2018-04-30T15:55:13.000-07:00,TX,781xx,65.0,45000.0,,INDIVIDUAL,6846,4909.0,67.7,0,0,2018-04-26T05:48:01.000-07:00,0,0.0,,CASH,26.48,,2007-09-25T17:00:00.000-07:00,48.0,General Manager,2018-05-31T10:00:00.000-07:00,11.12,669,665,6225.0,D,RENT,0.0,,132311475,2018-05-01T10:00:00.000-07:00,F,2,5,0,553.04,19.42,,SOURCE_VERIFIED,,2018-05-01T10:00:00.000-07:00,15000.0,5767.0,148645292,127.0,64,7,4,0,0.0,38.0,38.0,,4.0,7.0,,4.0,,1,3,4,4,4,6,6,6,4,7,0.0,0,0,3,7,1,1,1,1,2,2,91,50.0,0,0,credit_card,APPROVED,2018-05-01T07:42:43.000-07:00,12094.0,,65.0,,,,,,,,,,,,,1.36,D3,0,36,0,47919,55282,12,47919,35825.0,15200,1,36682,18600
49,49,0,3,2018-04-30T15:27:58.000-07:00,PA,191xx,47.2,87000.0,,INDIVIDUAL,45290,28362.0,36.1,0,0,2018-04-27T14:42:34.000-07:00,1,0.0,,CASH,35.2,,2006-10-26T17:00:00.000-07:00,108.0,Production Control Supervisor,2018-05-31T10:00:00.000-07:00,3.8,719,715,9775.0,B,MORTGAGE,2000.0,52.7,132375089,2018-05-01T10:00:00.000-07:00,F,0,1,0,664.1,11.98,,SOURCE_VERIFIED,,2018-05-01T10:00:00.000-07:00,20000.0,9303.0,148778366,131.0,138,40,1,2,2003.9,4.0,,,1.0,40.0,4.0,9.0,4.0,0,4,4,6,7,7,7,8,4,12,0.0,0,0,2,12,1,4,1,2,0,0,94,0.0,0,0,credit_card,APPROVED,2018-05-01T06:45:44.000-07:00,16038.0,,36.1,,,,,,,,,,,,,0.96,B5,0,36,0,452898,527769,17,63540,47502.0,44400,0,90092,44400
50,50,0,5,2018-04-30T06:23:21.000-07:00,IL,600xx,66.9,85000.0,,INDIVIDUAL,15321,10597.0,81.9,0,0,2018-04-23T08:52:24.000-07:00,0,0.0,,CASH,28.49,,1999-03-22T16:00:00.000-08:00,48.0,analyst,2018-05-31T10:00:00.000-07:00,6.8,704,700,3075.0,C,RENT,400.0,49.4,132112938,2018-05-01T10:00:00.000-07:00,F,2,2,2,475.64,13.58,,VERIFIED,,2018-05-01T10:00:00.000-07:00,14000.0,11361.0,148261982,59.0,229,2,1,3,1394.0,,,,1.0,2.0,,4.0,,0,9,9,11,13,4,11,13,9,15,0.0,0,0,3,15,3,3,1,2,2,3,100,54.5,0,0,credit_card,APPROVED,2018-05-01T08:24:48.000-07:00,47803.0,,81.9,,,,,,,,,,,,,1.13,C2,0,36,0,229813,278952,20,72538,24735.0,58400,0,50076,58400
51,51,0,6,2018-04-30T09:59:58.000-07:00,AL,352xx,43.0,92000.0,,INDIVIDUAL,28941,18845.0,43.9,0,0,2018-04-30T09:54:01.000-07:00,1,0.0,,CASH,19.58,,2013-10-29T17:00:00.000-07:00,60.0,programmer Analyst ,2018-05-31T10:00:00.000-07:00,6.8,699,695,3300.0,C,MORTGAGE,1000.0,,132507986,2018-05-01T10:00:00.000-07:00,F,0,4,2,509.61,13.58,,SOURCE_VERIFIED,,2018-05-01T10:00:00.000-07:00,15000.0,6508.0,148883837,19.0,54,3,3,2,1550.2,11.0,,,15.0,7.0,,2.0,11.0,0,4,8,5,5,2,9,11,8,11,0.0,0,0,2,11,1,1,0,2,2,2,92,0.0,0,0,credit_card,APPROVED,2018-05-01T08:19:04.000-07:00,21551.0,,43.0,,,,,,,,,,,,,1.13,C2,0,36,0,318350,377959,15,63816,42265.0,33600,2,52810,50100
52,52,0,4,2018-04-30T17:23:34.000-07:00,MO,640xx,65.0,46000.0,,INDIVIDUAL,7352,3375.0,97.0,0,0,2018-04-30T17:16:51.000-07:00,0,0.0,,DIRECT_PAY,38.3,,2007-06-30T17:00:00.000-07:00,0.0,Operator,2018-05-31T10:00:00.000-07:00,14.72,664,660,1900.0,E,RENT,100.0,82.0,132531843,2018-05-01T10:00:00.000-07:00,F,0,1,0,569.85,23.87,,NOT_VERIFIED,,2018-05-01T10:00:00.000-07:00,14550.0,5181.0,148906890,73.0,130,10,7,0,0.0,28.0,,,7.0,10.0,,10.0,28.0,0,2,6,4,4,8,6,9,4,9,,0,0,2,9,0,3,0,1,2,3,94,100.0,0,0,debt_consolidation,APPROVED,2018-05-01T08:27:24.000-07:00,10456.0,,65.0,,,,,,,,,,,,,1.58,E2,0,36,0,66176,84087,17,66176,55720.0,6750,0,67987,16100
53,53,0,3,2018-05-01T08:04:35.000-07:00,RI,029xx,96.5,68000.0,,INDIVIDUAL,3533,419.0,96.6,0,0,2018-05-01T07:54:58.000-07:00,0,0.0,,DIRECT_PAY,9.54,,2001-09-30T17:00:00.000-07:00,108.0,Senior Sales Rep,2018-05-31T10:00:00.000-07:00,14.72,669,665,1900.0,E,OWN,,,132571518,2018-05-01T10:00:00.000-07:00,F,0,1,1,614.97,24.84,,SOURCE_VERIFIED,,2018-05-01T10:00:00.000-07:00,15500.0,5072.0,148925645,,199,6,6,1,1884.17,54.0,54.0,,,6.0,,1.0,54.0,1,5,6,5,5,0,6,7,6,7,0.0,0,0,1,7,1,0,0,0,1,3,87,80.0,0,0,other,APPROVED,2018-05-01T08:27:04.000-07:00,12740.0,,96.5,,,,,,,,,,,,,1.58,E3,0,36,0,24733,176200,8,12740,0.0,12500,0,0,13200
54,54,0,10,2018-05-01T08:59:05.000-07:00,TX,750xx,70.7,89000.0,,INDIVIDUAL,32961,21510.0,49.6,0,0,2018-05-01T07:33:58.000-07:00,0,0.0,,CASH,35.99,,1998-12-31T16:00:00.000-08:00,96.0,Executive Pastor,2018-05-31T10:00:00.000-07:00,6.8,714,710,7225.0,C,MORTGAGE,1800.0,83.7,132575270,2018-05-01T10:00:00.000-07:00,F,7,0,0,713.46,13.58,,NOT_VERIFIED,,2018-05-01T10:00:00.000-07:00,21000.0,10536.0,148928384,178.0,232,20,13,1,1852.68,44.0,,,13.0,21.0,44.0,13.0,44.0,0,3,3,6,8,17,7,12,3,13,0.0,0,0,0,13,0,5,0,5,0,4,93,0.0,0,0,debt_consolidation,APPROVED,2018-05-01T09:02:35.000-07:00,21190.0,,45.9,,,,,,,,,,,,,1.13,C2,0,36,511,428497,480866,30,146111,124921.0,42700,0,149771,46200
55,55,0,6,2018-04-30T13:28:02.000-07:00,MA,021xx,94.3,38400.0,,INDIVIDUAL,3568,3574.0,27.1,0,0,2018-04-20T06:12:45.000-07:00,1,0.0,,CASH,2.84,,2007-09-19T17:00:00.000-07:00,,,2018-05-31T10:00:00.000-07:00,11.12,709,705,2725.0,D,RENT,500.0,113.0,131996206,2018-05-01T10:00:00.000-07:00,F,0,4,0,672.53,20.39,,VERIFIED,,2018-05-01T10:00:00.000-07:00,18000.0,1326.0,148071564,127.0,36,28,7,0,0.0,13.0,53.0,,7.0,28.0,13.0,1.0,13.0,2,1,2,1,1,22,3,3,2,19,0.0,0,0,2,19,0,16,2,6,0,0,88,0.0,0,0,other,APPROVED,2018-05-01T09:38:00.000-07:00,2819.0,,19.6,,,,,,,,,,,,,1.36,D4,0,36,0,67785,71900,25,67785,64966.0,4900,0,57500,14400
56,56,0,14,2018-04-30T07:12:21.000-07:00,AL,352xx,66.1,500000.0,,INDIVIDUAL,15520,64451.0,67.0,0,0,2018-04-30T07:11:19.000-07:00,0,0.0,,CASH,15.97,,1985-07-29T17:00:00.000-07:00,120.0,Broker,2018-05-31T10:00:00.000-07:00,3.8,709,705,4125.0,B,MORTGAGE,1658.0,70.3,132506281,2018-05-01T10:00:00.000-07:00,F,5,6,1,644.6,9.92,,SOURCE_VERIFIED,,2018-05-01T10:00:00.000-07:00,20000.0,16435.0,148870055,144.0,393,4,4,2,1650.0,,,,6.0,4.0,,5.0,,0,23,28,25,28,24,34,41,28,42,0.0,0,0,8,42,2,7,3,5,5,9,100,28.0,0,0,home_improvement,APPROVED,2018-05-01T09:09:59.000-07:00,343454.0,,64.1,,,,,,,,,,,,,0.96,B2,0,36,0,636314,829378,68,415594,72140.0,178000,12,119735,465100
57,57,0,1,2018-04-25T17:34:38.000-07:00,IL,600xx,41.2,167500.0,197500.0,JOINT,41023,12848.0,42.6,0,0,2018-04-23T11:53:34.000-07:00,0,0.0,,CASH,8.04,7.18,1992-12-22T16:00:00.000-08:00,120.0,Senior Superintendant,2018-05-31T10:00:00.000-07:00,1.86,734,730,12225.0,A,MORTGAGE,2153.0,40.1,132125792,2018-05-01T10:00:00.000-07:00,F,0,0,0,903.31,5.31,,SOURCE_VERIFIED,NOT_VERIFIED,2018-05-01T10:00:00.000-07:00,30000.0,4828.0,148285928,153.0,304,68,4,2,2058.94,,,,4.0,68.0,,,,1,3,3,3,4,6,3,4,3,6,0.0,0,0,1,6,1,2,1,1,0,0,91,0.0,0,0,home_improvement,APPROVED,2018-05-01T09:13:54.000-07:00,9552.0,17402.0,42.6,0.0,0.0,1992-12-22T16:00:00.000-08:00,749.0,745.0,0.0,2.0,,8.0,5.0,0.0,27.0,0.83,A1,0,36,0,246139,316620,12,21996,12444.0,22400,1,31000,22400
58,58,0,4,2018-04-30T08:43:10.000-07:00,GA,308xx,74.5,33000.0,,INDIVIDUAL,1877,225.0,43.8,0,0,2018-04-24T12:21:39.000-07:00,0,0.0,,CASH,9.78,,2006-04-23T17:00:00.000-07:00,120.0,AUDITOR,2018-05-31T10:00:00.000-07:00,6.8,664,660,3675.0,C,RENT,300.0,82.9,132190910,2018-05-01T10:00:00.000-07:00,F,0,2,1,832.44,15.04,,VERIFIED,,2018-05-01T10:00:00.000-07:00,24000.0,175.0,148363392,21.0,144,20,9,0,0.0,38.0,38.0,,9.0,20.0,41.0,4.0,41.0,3,1,2,1,4,3,2,6,2,3,0.0,0,0,1,3,0,1,1,3,0,1,60,0.0,0,0,debt_consolidation,APPROVED,2018-05-01T07:37:51.000-07:00,441.0,,33.9,,,,,,,,,,,,,1.13,C4,0,36,0,5630,7558,10,5630,5189.0,400,1,6258,1300
59,59,0,2,2018-04-30T16:43:26.000-07:00,FL,331xx,68.0,140000.0,,INDIVIDUAL,5572,6393.0,81.0,0,0,2018-04-30T16:40:49.000-07:00,0,0.0,,CASH,29.07,,1987-06-29T17:00:00.000-07:00,48.0,Showroom Manager,2018-05-31T10:00:00.000-07:00,3.8,709,705,4825.0,B,RENT,1800.0,33.0,132375368,2018-05-01T10:00:00.000-07:00,F,0,0,0,902.43,9.92,,VERIFIED,,2018-05-01T10:00:00.000-07:00,28000.0,9636.0,148772080,150.0,346,3,3,0,0.0,62.0,46.0,,18.0,3.0,62.0,15.0,,0,8,12,10,12,6,12,18,7,16,,0,0,1,17,1,3,0,1,1,1,88,75.0,0,0,debt_consolidation,APPROVED,2018-05-01T08:26:02.000-07:00,41616.0,,68.0,,,,,,,,,,,,,0.96,B2,0,36,0,89164,156996,25,89164,22752.0,51145,0,69762,61395
60,60,0,0,2018-05-01T06:29:45.000-07:00,FL,324xx,52.3,96000.0,,INDIVIDUAL,6335,5588.0,82.8,0,0,2018-04-30T09:26:28.000-07:00,0,0.0,,CASH,23.03,,1998-01-29T16:00:00.000-08:00,120.0,Munitions Production Superintendent,2018-05-31T10:00:00.000-07:00,1.86,734,730,11775.0,A,RENT,1600.0,15.4,132511751,2018-05-01T10:00:00.000-07:00,F,0,0,0,1096.13,7.96,,SOURCE_VERIFIED,,2018-05-01T10:00:00.000-07:00,35000.0,19124.0,148875533,121.0,243,31,31,0,0.0,,,,31.0,31.0,,,,0,3,4,4,7,5,5,9,4,6,0.0,0,0,0,6,0,1,0,0,0,0,100,75.0,0,0,debt_consolidation,APPROVED,2018-05-01T07:17:45.000-07:00,33087.0,,81.3,,,,,,,,,,,,,0.83,A5,0,36,0,38012,72700,14,38012,4925.0,32500,0,32000,40700
61,61,0,9,2018-04-28T12:59:10.000-07:00,OH,430xx,84.6,85000.0,175000.0,JOINT,37798,3801.0,63.8,0,0,2018-04-28T12:38:35.000-07:00,0,0.0,,CASH,15.59,17.73,1993-05-27T17:00:00.000-07:00,120.0,Teacher/Coach,2018-05-31T10:00:00.000-07:00,11.12,679,675,10875.0,D,MORTGAGE,2300.0,90.8,132456158,2018-05-01T10:00:00.000-07:00,F,2,5,2,1290.41,19.42,,SOURCE_VERIFIED,SOURCE_VERIFIED,2018-05-01T10:00:00.000-07:00,35000.0,6699.0,148816630,299.0,86,2,2,2,2372.71,,,,11.0,2.0,,2.0,,0,1,5,2,2,21,6,9,5,16,0.0,0,0,6,16,5,9,1,4,3,3,100,0.0,0,0,debt_consolidation,APPROVED,2018-05-01T09:25:36.000-07:00,18606.0,36946.0,60.8,0.0,0.0,2000-10-27T17:00:00.000-07:00,629.0,625.0,2.0,3.0,,14.0,15.0,3.0,34.4,1.36,D3,0,36,0,566965,585692,32,190678,172072.0,10500,3,177092,30600
62,62,0,1,2018-04-30T12:54:01.000-07:00,TX,750xx,44.5,130000.0,215000.0,JOINT,24460,40279.0,24.0,0,0,2018-04-30T11:31:36.000-07:00,0,0.0,,CASH,26.11,18.09,2001-12-29T16:00:00.000-08:00,48.0,Pharmacist,2018-05-31T10:00:00.000-07:00,1.86,819,815,13500.0,A,MORTGAGE,2000.0,50.5,132521413,2018-05-01T10:00:00.000-07:00,F,0,0,0,1204.42,5.31,,NOT_VERIFIED,NOT_VERIFIED,2018-05-01T10:00:00.000-07:00,40000.0,8974.0,148885279,174.0,196,15,15,4,1999.5,,,,54.0,15.0,,,,0,3,3,3,4,16,4,6,3,15,0.0,0,0,0,15,0,10,0,0,0,1,100,0.0,0,0,home_improvement,APPROVED,2018-05-01T09:14:22.000-07:00,12721.0,22744.0,22.3,0.0,0.0,2001-09-29T17:00:00.000-07:00,754.0,750.0,0.0,4.0,,13.0,8.0,0.0,36.8,0.83,A1,0,36,0,366907,532023,26,118576,105855.0,53000,0,209493,57100
63,63,0,12,2018-04-27T13:02:19.000-07:00,MD,218xx,79.6,41000.0,91000.0,JOINT,20112,246.0,96.3,0,0,2018-04-27T12:45:28.000-07:00,0,0.0,,CASH,88.0,39.97,2002-11-26T16:00:00.000-08:00,120.0,insurance specialist,2018-05-31T10:00:00.000-07:00,11.12,689,685,4950.0,D,MORTGAGE,941.0,77.4,132378628,2018-05-01T10:00:00.000-07:00,F,3,3,0,1195.61,20.39,,VERIFIED,VERIFIED,2018-05-01T10:00:00.000-07:00,32000.0,3531.0,148782879,146.0,185,7,7,2,0.0,34.0,34.0,,8.0,10.0,,7.0,42.0,1,2,4,2,10,22,4,24,4,10,0.0,0,0,5,10,0,6,3,8,2,4,95,100.0,0,0,debt_consolidation,APPROVED,2018-05-01T08:38:52.000-07:00,11831.0,16917.0,91.0,0.0,0.0,2006-06-26T17:00:00.000-07:00,664.0,660.0,0.0,0.0,,5.0,10.0,6.0,54.6,1.36,D4,0,36,0,201117,219150,48,201117,189286.0,6700,0,206150,13000
64,64,0,3,2018-05-01T05:35:50.000-07:00,NC,281xx,49.6,150000.0,,INDIVIDUAL,36526,30472.0,33.5,0,0,2018-05-01T05:30:43.000-07:00,2,0.0,,CASH,14.18,,2002-07-31T17:00:00.000-07:00,60.0,Software Engineer,2018-05-31T10:00:00.000-07:00,3.8,724,720,7200.0,B,MORTGAGE,2300.0,64.3,132563750,2018-05-01T10:00:00.000-07:00,F,0,1,0,1280.01,9.43,,NOT_VERIFIED,,2018-05-01T10:00:00.000-07:00,40000.0,8501.0,148917805,144.0,189,15,13,5,2315.0,4.0,,107.0,13.0,15.0,4.0,9.0,4.0,0,3,4,4,7,6,7,12,4,10,0.0,0,0,0,10,0,2,0,1,0,2,91,25.0,1,1,debt_consolidation,APPROVED,2018-05-01T06:02:29.000-07:00,15378.0,,30.2,,,,,,,,,,,,,0.96,B1,0,36,0,365262,458129,23,58869,43491.0,45800,2,67640,51000
65,65,0,2,2018-05-01T06:15:45.000-07:00,TX,762xx,27.3,182000.0,,INDIVIDUAL,13222,31599.0,16.0,0,0,2018-05-01T06:10:58.000-07:00,0,0.0,,CASH,10.37,,1990-04-30T17:00:00.000-07:00,120.0,Pilot,2018-05-31T10:00:00.000-07:00,2.36,749,745,6450.0,A,OWN,,55.7,132568165,2018-05-01T10:00:00.000-07:00,F,0,1,0,798.49,7.34,,SOURCE_VERIFIED,,2018-05-01T10:00:00.000-07:00,40000.0,3130.0,148922268,132.0,336,19,16,2,1530.32,,,,16.0,19.0,,2.0,,0,6,9,8,8,8,13,13,9,17,0.0,0,0,0,17,0,3,0,1,0,1,100,25.0,0,0,moving,APPROVED,2018-05-01T06:21:04.000-07:00,8933.0,,19.1,,,,,,,,,,,,,0.59,A4,0,60,0,224773,281033,23,72651,63718.0,37600,3,63617,46800
