,accNowDelinq,accOpenPast24Mths,acceptD,addrState,addrZip,allUtil,annualInc,annualIncJoint,applicationType,avgCurBal,bcOpenToBuy,bcUtil,chargeoffWithin12Mths,collections12MthsExMed,creditPullD,delinq2Yrs,delinqAmnt,desc,disbursementMethod,dti,dtiJoint,earliestCrLine,empLength,empTitle,expD,expDefaultRate,ficoRangeHigh,ficoRangeLow,fundedAmount,grade,homeOwnership,housingPayment,iLUtil,id,ilsExpD,initialListStatus,inqFi,inqLast12m,inqLast6Mths,installment,intRate,investorCount,isIncV,isIncVJoint,listD,loanAmount,maxBalBc,memberId,moSinOldIlAcct,moSinOldRevTlOp,moSinRcntRevTlOp,moSinRcntTl,mortAcc,mtgPayment,mthsSinceLastDelinq,mthsSinceLastMajorDerog,mthsSinceLastRecord,mthsSinceRcntIl,mthsSinceRecentBc,mthsSinceRecentBcDlq,mthsSinceRecentInq,mthsSinceRecentRevolDelinq,numAcctsEver120Ppd,numActvBcTl,numActvRevTl,numBcSats,numBcTl,numIlTl,numOpRevTl,numRevAccts,numRevTlBalGt0,numSats,numTl120dpd2m,numTl30dpd,numTl90gDpd24m,numTlOpPast12m,openAcc,openAcc6m,openActIl,openIl12m,openIl24m,openRv12m,openRv24m,pctTlNvrDlq,percentBcGt75,pubRec,pubRecBankruptcies,purpose,reviewStatus,reviewStatusD,revolBal,revolBalJoint,revolUtil,secAppChargeoffWithin12Mths,secAppCollections12MthsExMed,secAppEarliestCrLine,secAppFicoRangeHigh,secAppFicoRangeLow,secAppInqLast6Mths,secAppMortAcc,secAppMthsSinceLastMajorDerog,secAppNumRevAccts,secAppOpenAcc,secAppOpenActIl,secAppRevolUtil,serviceFeeRate,subGrade,taxLiens,term,totCollAmt,totCurBal,totHiCredLim,totalAcc,totalBalExMort,totalBalIl,totalBcLimit,totalCuTl,totalIlHighCreditLimit,totalRevHiLim
0,0,14,2018-04-19T06:44:40.000-07:00,TX,783xx,55.0,50000.0,,INDIVIDUAL,1158,1065,74.6,0,0,2018-04-19T06:37:05.000-07:00,0,0.0,,CASH,23.81,,1991-12-18T16:00:00.000-08:00,120.0,Maintenance ,2018-05-25T18:00:00.000-07:00,6.8,664,660,1950.0,C,RENT,40.0,92.9,131938493,2018-04-25T18:00:00.000-07:00,F,3,8,1,171.06,14.07,,SOURCE_VERIFIED,,2018-04-25T18:00:00.000-07:00,5000.0,1232.0,147953476,176.0,316,7,3,0,0.0,58.0,58.0,,3.0,15,,5.0,58.0,1,3,15,3,4,21,21,26,15,23,0.0,0,0,5,23,1,2,2,3,3,11,97,66.7,0,0,credit_card,APPROVED,2018-04-25T16:29:24.000-07:00,12033.0,,36.8,,,,,,,,,,,,,1.13,C3,0,36,0,26639,48426,47,26639,14606.0,4200,2,15726,32700
1,0,4,2018-04-20T12:59:29.000-07:00,TX,785xx,78.5,95000.0,,INDIVIDUAL,23513,6346,35.9,0,0,2018-04-20T12:47:35.000-07:00,0,0.0,,CASH,31.51,,2003-03-19T16:00:00.000-08:00,120.0,Technican,2018-05-25T18:00:00.000-07:00,3.8,714,710,6925.0,B,MORTGAGE,1218.0,89.8,132012550,2018-04-25T18:00:00.000-07:00,F,1,1,0,292.15,10.41,,SOURCE_VERIFIED,,2018-04-25T18:00:00.000-07:00,9000.0,3554.0,148131983,125.0,174,17,2,3,1218.38,59.0,59.0,,2.0,32,62.0,8.0,59.0,2,1,2,3,4,10,5,8,2,11,0.0,0,0,3,11,2,5,2,2,0,1,95,0.0,0,0,debt_consolidation,APPROVED,2018-04-25T15:44:58.000-07:00,9836.0,,43.9,,,,,,,,,,,,,0.96,B3,0,36,0,258644,291625,22,106978,97142.0,9900,2,116580,22400
2,0,3,2018-04-19T11:18:18.000-07:00,CA,902xx,57.8,36000.0,,INDIVIDUAL,2196,7486,57.9,0,0,2018-04-19T11:13:34.000-07:00,0,0.0,,CASH,10.67,,2003-12-18T16:00:00.000-08:00,0.0,Emt,2018-05-25T18:00:00.000-07:00,6.8,669,665,1875.0,C,RENT,1200.0,,131961664,2018-04-25T18:00:00.000-07:00,F,0,1,0,281.3,16.01,,NOT_VERIFIED,,2018-04-25T18:00:00.000-07:00,8000.0,3938.0,148000762,,172,5,5,0,0.0,,,89.0,,5,,0.0,,0,4,5,4,9,0,5,10,5,5,0.0,0,0,2,5,1,0,0,0,2,3,100,50.0,1,1,other,APPROVED,2018-04-25T15:59:04.000-07:00,10979.0,,57.8,,,,,,,,,,,,,1.13,C5,0,36,0,10979,19000,10,10979,0.0,17800,0,0,19000
3,0,2,2018-04-16T19:24:16.000-07:00,UT,846xx,58.9,70000.0,420000.0,JOINT,39106,5542,81.5,0,0,2018-04-12T21:51:35.000-07:00,0,0.0,,CASH,44.09,17.32,2001-04-12T17:00:00.000-07:00,84.0,Academic Advisor Admin,2018-05-25T18:00:00.000-07:00,1.86,744,740,19275.0,A,MORTGAGE,1500.0,53.6,131513842,2018-04-25T18:00:00.000-07:00,F,1,6,0,1252.72,7.96,,VERIFIED,SOURCE_VERIFIED,2018-04-25T18:00:00.000-07:00,40000.0,24352.0,147462923,204.0,61,15,12,1,1130.5,,,,12.0,15,,2.0,,0,2,2,2,3,5,3,5,2,7,0.0,0,0,1,7,0,3,1,1,0,1,100,50.0,0,0,home_improvement,APPROVED,2018-04-25T16:01:56.000-07:00,24458.0,84781.0,67.4,0.0,0.0,2005-11-12T16:00:00.000-08:00,674.0,670.0,0.0,0.0,,13.0,15.0,4.0,65.0,0.83,A5,0,36,0,273740,333278,11,92175,67717.0,30000,1,106978,36300
4,0,10,2018-04-21T05:22:13.000-07:00,MI,488xx,13.2,25300.0,88300.0,JOINT,18854,5500,0.0,0,0,2018-04-21T05:09:03.000-07:00,1,0.0,,CASH,6.69,7.62,1997-11-20T16:00:00.000-08:00,0.0,Substitute Teacher,2018-05-25T18:00:00.000-07:00,6.8,709,705,1600.0,C,MORTGAGE,1051.0,,132043170,2018-04-25T18:00:00.000-07:00,F,0,0,0,203.85,13.58,,NOT_VERIFIED,NOT_VERIFIED,2018-04-25T18:00:00.000-07:00,6000.0,0.0,148147744,245.0,142,10,7,2,2005.88,8.0,,,13.0,10,8.0,16.0,8.0,0,0,2,4,10,9,9,21,2,11,0.0,0,0,2,11,0,0,0,5,1,4,84,0.0,0,0,debt_consolidation,APPROVED,2018-04-25T14:57:10.000-07:00,2945.0,20528.0,13.2,0.0,0.0,2002-11-20T16:00:00.000-08:00,669.0,665.0,1.0,2.0,,19.0,7.0,0.0,89.7,1.13,C2,0,36,96,207395,242384,32,2945,0.0,5500,7,0,22300
5,0,7,2018-04-19T16:01:24.000-07:00,CA,956xx,20.0,42000.0,,INDIVIDUAL,1538,3850,26.0,0,0,2018-04-19T15:59:14.000-07:00,0,0.0,,CASH,17.46,,1985-10-18T17:00:00.000-07:00,,,2018-05-25T18:00:00.000-07:00,6.8,679,675,1775.0,C,RENT,900.0,89.0,131969800,2018-04-25T18:00:00.000-07:00,F,0,4,2,527.43,16.01,,VERIFIED,,2018-04-25T18:00:00.000-07:00,15000.0,4689.0,148037008,14.0,390,2,2,3,0.0,,35.0,35.0,5.0,4,,2.0,,0,6,10,6,9,3,10,24,4,12,,0,0,4,13,3,2,2,2,2,5,72,16.7,1,1,debt_consolidation,APPROVED,2018-04-25T14:44:16.000-07:00,7148.0,,20.0,,,,,,,,,,,,,1.13,C5,0,36,0,18466,49177,29,18466,11318.0,23100,0,12727,36450
6,0,3,2018-04-20T08:23:57.000-07:00,TX,773xx,86.7,83800.0,,INDIVIDUAL,59898,1149,93.9,0,0,2018-04-18T06:55:34.000-07:00,0,0.0,,CASH,12.76,,1991-04-17T17:00:00.000-07:00,60.0,Account manager ,2018-05-25T18:00:00.000-07:00,4.02,699,695,15325.0,B,MORTGAGE,1580.0,90.4,131838191,2018-04-25T18:00:00.000-07:00,F,7,7,0,585.7,10.9,,VERIFIED,,2018-04-25T18:00:00.000-07:00,27000.0,17551.0,147723462,167.0,324,93,3,6,2643.89,29.0,,,5.0,213,,4.0,,0,1,2,1,1,4,3,4,2,6,0.0,0,0,3,6,2,1,1,1,0,0,92,100.0,0,0,credit_card,APPROVED,2018-04-25T14:35:07.000-07:00,23176.0,,83.7,,,,,,,,,,,,,0.68,B4,0,60,0,359390,369098,14,43914,20738.0,18700,1,22933,27700
7,0,6,2018-04-20T08:50:54.000-07:00,LA,706xx,70.4,130000.0,,INDIVIDUAL,17037,9991,53.5,0,0,2018-04-17T17:37:52.000-07:00,0,0.0,,CASH,23.99,,2000-06-17T17:00:00.000-07:00,60.0,Engineering Technician IV,2018-05-25T18:00:00.000-07:00,5.71,699,695,27050.0,C,MORTGAGE,865.0,81.0,131805248,2018-04-25T18:00:00.000-07:00,F,0,0,0,922.05,13.58,,SOURCE_VERIFIED,,2018-04-25T18:00:00.000-07:00,40000.0,6325.0,147710302,169.0,214,7,7,2,898.08,,,,14.0,23,,,,0,3,5,5,7,22,10,17,5,17,0.0,0,0,1,17,0,5,0,4,1,2,100,40.0,0,0,debt_consolidation,APPROVED,2018-04-25T16:40:29.000-07:00,38476.0,,60.6,,,,,,,,,,,,,0.78,C2,0,60,0,238520,310965,42,108018,69542.0,21500,13,105579,63500
8,0,0,2018-04-25T17:40:34.000-07:00,OH,450xx,27.7,65000.0,,INDIVIDUAL,2277,2822,32.8,0,0,2018-04-25T17:35:30.000-07:00,0,0.0,,CASH,12.52,,2002-09-25T17:00:00.000-07:00,120.0,Regional Director,2018-05-25T18:00:00.000-07:00,3.8,699,695,4850.0,B,RENT,1189.0,33.6,132292254,2018-04-25T18:00:00.000-07:00,F,2,2,0,161.15,9.92,,NOT_VERIFIED,,2018-04-25T18:00:00.000-07:00,5000.0,1378.0,148583974,94.0,187,45,45,0,0.0,31.0,31.0,,54.0,187,,0.0,,1,1,1,1,1,3,3,3,1,4,0.0,0,0,0,4,0,1,0,0,0,0,83,0.0,0,0,debt_consolidation,APPROVED,2018-04-25T17:51:54.000-07:00,1378.0,,13.9,,,,,,,,,,,,,0.96,B2,0,36,0,9106,32904,6,9106,7728.0,4200,1,23004,9900
9,0,3,2018-04-25T17:13:39.000-07:00,MN,561xx,58.9,44000.0,,INDIVIDUAL,3026,2349,76.5,0,0,2018-04-25T16:54:54.000-07:00,0,0.0,,CASH,22.12,,2006-09-24T17:00:00.000-07:00,24.0,Elementary Teacher,2018-05-25T18:00:00.000-07:00,3.8,769,765,7425.0,B,RENT,550.0,61.5,132274424,2018-04-25T18:00:00.000-07:00,F,0,0,0,259.69,10.41,,NOT_VERIFIED,,2018-04-25T18:00:00.000-07:00,8000.0,7651.0,148536593,139.0,89,19,19,0,0.0,,,,103.0,22,,19.0,,0,1,1,2,2,12,6,6,1,14,0.0,0,0,0,14,0,8,0,0,0,3,100,50.0,0,0,credit_card,APPROVED,2018-04-25T17:19:18.000-07:00,7651.0,,49.4,,,,,,,,,,,,,0.96,B3,0,36,0,42368,71940,18,42368,34717.0,10000,0,56440,15500
10,0,2,2018-04-24T10:27:30.000-07:00,VA,240xx,49.4,19450.0,,INDIVIDUAL,4358,12557,12.2,0,0,2018-04-24T10:25:18.000-07:00,0,0.0,,CASH,28.21,,2003-07-23T17:00:00.000-07:00,,,2018-05-25T18:00:00.000-07:00,3.8,804,800,4275.0,B,MORTGAGE,210.0,97.3,132180894,2018-04-25T18:00:00.000-07:00,F,0,1,1,160.01,9.43,,VERIFIED,,2018-04-25T18:00:00.000-07:00,5000.0,1743.0,148333282,144.0,177,25,3,2,208.93,,,,3.0,25,,3.0,,0,1,2,2,2,4,3,3,2,6,0.0,0,0,2,6,2,2,2,2,0,0,100,0.0,0,0,debt_consolidation,APPROVED,2018-04-25T14:37:22.000-07:00,2302.0,,11.4,,,,,,,,,,,,,0.96,B1,0,36,0,26146,57272,9,17867,15565.0,14300,0,16000,20200
11,0,6,2018-04-25T14:44:16.000-07:00,NJ,080xx,33.0,75000.0,,INDIVIDUAL,17879,15257,10.8,0,0,2018-04-25T14:17:54.000-07:00,0,0.0,,CASH,10.88,,1999-12-24T16:00:00.000-08:00,120.0,owner,2018-05-25T18:00:00.000-07:00,1.86,759,755,3825.0,A,MORTGAGE,2450.0,59.2,132262750,2018-04-25T18:00:00.000-07:00,F,2,3,0,146.18,6.07,,NOT_VERIFIED,,2018-04-25T18:00:00.000-07:00,4800.0,1750.0,148538893,220.0,131,1,1,1,2463.75,,,106.0,6.0,15,,6.0,,0,2,4,5,6,10,11,14,4,14,0.0,0,0,4,14,3,2,1,1,3,5,100,0.0,1,1,credit_card,APPROVED,2018-04-25T14:48:06.000-07:00,2834.0,,7.7,,,,,,,,,,,,,0.83,A2,0,36,0,250309,328355,25,23927,21093.0,17100,2,35655,36900
12,0,5,2018-04-24T10:35:00.000-07:00,ME,042xx,75.0,106000.0,,INDIVIDUAL,26746,7643,84.0,0,0,2018-04-24T10:29:28.000-07:00,0,0.0,,CASH,27.28,,2003-08-23T17:00:00.000-07:00,120.0,Patrol sergeant ,2018-05-25T18:00:00.000-07:00,3.8,674,670,4300.0,B,MORTGAGE,1300.0,57.0,132190431,2018-04-25T18:00:00.000-07:00,F,2,5,4,192.59,11.98,,NOT_VERIFIED,,2018-04-25T18:00:00.000-07:00,5800.0,23973.0,148362861,140.0,176,22,7,3,2319.63,56.0,53.0,,7.0,22,,0.0,,0,6,8,15,15,12,8,20,7,14,,0,0,2,14,0,4,1,3,0,1,100,66.7,0,0,credit_card,APPROVED,2018-04-25T14:25:56.000-07:00,45328.0,,75.0,,,,,,,,,,,,,0.96,B5,0,36,0,374454,473445,35,85785,40457.0,45860,1,70834,60360
13,0,0,2018-04-25T15:23:37.000-07:00,NY,112xx,47.7,72500.0,,INDIVIDUAL,5573,3092,86.6,0,0,2018-04-25T15:19:47.000-07:00,1,0.0,,CASH,30.72,,1991-08-24T17:00:00.000-07:00,36.0,Data Center Manager,2018-05-25T18:00:00.000-07:00,6.8,699,695,2875.0,C,RENT,1465.0,35.8,132273881,2018-04-25T18:00:00.000-07:00,F,0,0,0,147.43,12.61,,SOURCE_VERIFIED,,2018-04-25T18:00:00.000-07:00,4400.0,17582.0,148557008,260.0,320,46,25,0,0.0,8.0,,,25.0,65,8.0,21.0,8.0,0,3,3,3,3,4,5,6,3,8,0.0,0,0,0,8,0,3,0,0,0,0,90,100.0,0,0,debt_consolidation,APPROVED,2018-04-25T15:25:51.000-07:00,19908.0,,81.3,,,,,,,,,,,,,1.13,C1,0,36,0,44586,93460,10,44586,24678.0,23000,0,68960,24500
14,0,10,2018-04-24T08:03:54.000-07:00,PA,164xx,84.3,77000.0,,INDIVIDUAL,2759,3907,57.5,0,0,2018-04-24T08:02:22.000-07:00,1,0.0,,CASH,13.84,,1996-11-23T16:00:00.000-08:00,,,2018-05-25T18:00:00.000-07:00,6.8,664,660,1250.0,C,RENT,850.0,92.9,132174010,2018-04-25T18:00:00.000-07:00,F,1,5,2,105.49,16.01,,SOURCE_VERIFIED,,2018-04-25T18:00:00.000-07:00,3000.0,1749.0,148323456,117.0,85,4,4,2,0.0,19.0,19.0,,9.0,4,,5.0,,2,8,11,9,12,8,13,19,11,14,0.0,0,1,7,14,2,1,1,1,6,9,93,44.4,0,0,moving,APPROVED,2018-04-25T15:55:18.000-07:00,7463.0,,60.7,,,,,,,,,,,,,1.13,C5,0,36,0,38627,45837,29,38627,31164.0,9200,11,33537,12300
15,0,1,2018-04-25T15:56:52.000-07:00,IL,611xx,54.4,25000.0,,INDIVIDUAL,16469,8727,45.1,0,0,2018-04-25T15:38:42.000-07:00,0,0.0,,CASH,23.33,,2005-12-24T16:00:00.000-08:00,24.0,Health unit Tech,2018-05-25T18:00:00.000-07:00,3.8,704,700,2850.0,B,MORTGAGE,700.0,77.0,132268089,2018-04-25T18:00:00.000-07:00,F,1,1,0,156.92,10.9,,SOURCE_VERIFIED,,2018-04-25T18:00:00.000-07:00,4800.0,5632.0,148551224,116.0,148,41,12,1,702.08,,,,12.0,41,,12.0,,0,2,2,3,3,4,3,3,2,5,0.0,0,0,1,5,0,1,1,1,0,0,100,66.7,0,0,other,APPROVED,2018-04-25T16:02:21.000-07:00,7173.0,,45.1,,,,,,,,,,,,,0.96,B4,0,36,0,82343,96113,8,12234,5061.0,15900,0,6572,15900
16,0,1,2018-04-24T10:48:53.000-07:00,CA,905xx,48.2,48000.0,,INDIVIDUAL,3251,13241,36.9,0,0,2018-04-24T10:41:45.000-07:00,0,0.0,,CASH,9.64,,2010-06-23T17:00:00.000-07:00,36.0,A/V Technician,2018-05-25T18:00:00.000-07:00,3.8,734,730,7875.0,B,RENT,1500.0,87.4,132180964,2018-04-25T18:00:00.000-07:00,F,0,1,0,322.3,9.92,,NOT_VERIFIED,,2018-04-25T18:00:00.000-07:00,10000.0,5520.0,148333361,94.0,85,30,9,0,0.0,,,,9.0,30,,10.0,,0,3,3,3,3,2,3,3,3,4,0.0,0,0,1,4,0,1,1,1,0,0,100,0.0,0,0,debt_consolidation,APPROVED,2018-04-25T14:26:26.000-07:00,7759.0,,36.9,,,,,,,,,,,,,0.96,B2,0,36,0,13003,27000,5,13003,5244.0,21000,0,6000,21000
17,0,5,2018-04-24T14:13:52.000-07:00,WA,985xx,63.9,140000.0,,INDIVIDUAL,21314,3780,89.2,0,0,2018-04-24T14:11:28.000-07:00,1,0.0,,CASH,28.92,,2001-08-23T17:00:00.000-07:00,120.0,Manufacturing Support Team Member Senior,2018-05-25T18:00:00.000-07:00,3.8,664,660,2850.0,B,MORTGAGE,1820.0,52.5,132200611,2018-04-25T18:00:00.000-07:00,F,2,7,0,160.01,9.43,,NOT_VERIFIED,,2018-04-25T18:00:00.000-07:00,5000.0,10334.0,148373055,134.0,200,11,2,3,1942.5,14.0,,,7.0,11,,5.0,,0,9,14,10,17,11,20,29,15,24,0.0,0,0,4,24,1,3,2,2,1,2,97,70.0,0,0,other,APPROVED,2018-04-25T16:48:15.000-07:00,53517.0,,70.1,,,,,,,,,,,,,0.96,B1,0,36,0,468898,516158,43,128413,74896.0,35000,2,98968,76300
18,0,5,2018-04-23T18:29:41.000-07:00,UT,840xx,76.0,120000.0,,INDIVIDUAL,25866,290,99.4,0,0,2018-04-23T08:13:55.000-07:00,0,0.0,,CASH,31.12,,1993-03-22T16:00:00.000-08:00,60.0,Senior Designer,2018-05-25T18:00:00.000-07:00,6.8,714,710,3750.0,C,MORTGAGE,1800.0,61.6,132117659,2018-04-25T18:00:00.000-07:00,F,0,0,0,208.11,15.04,,SOURCE_VERIFIED,,2018-04-25T18:00:00.000-07:00,6000.0,13371.0,148256723,116.0,135,29,14,3,1816.0,,,,14.0,29,,14.0,,0,6,8,6,8,12,8,12,8,15,0.0,0,0,0,15,0,6,0,3,0,0,100,100.0,0,0,other,APPROVED,2018-04-25T14:31:04.000-07:00,53707.0,,94.4,,,,,,,,,,,,,1.13,C4,0,36,0,387995,425933,29,98123,44416.0,49500,4,72158,56900
19,0,2,2018-04-13T10:48:09.000-07:00,AL,363xx,52.7,12000.0,,INDIVIDUAL,1318,1218,81.0,0,0,2018-04-03T06:01:44.000-07:00,0,0.0,,DIRECT_PAY,29.1,,2007-10-02T17:00:00.000-07:00,,,2018-05-25T18:00:00.000-07:00,6.8,664,660,2675.0,C,OWN,,35.6,131108531,2018-04-25T18:00:00.000-07:00,F,0,0,0,171.06,14.07,,NOT_VERIFIED,,2018-04-25T18:00:00.000-07:00,5000.0,2462.0,146447075,126.0,71,13,13,2,0.0,54.0,54.0,,26.0,13,,,,2,3,4,3,3,5,4,5,4,5,0.0,0,0,0,5,0,1,0,0,0,2,75,66.7,0,0,debt_consolidation,APPROVED,2018-04-25T16:21:54.000-07:00,5343.0,,59.4,,,,,,,,,,,,,1.13,C3,0,36,0,6589,12500,12,6589,1246.0,6400,0,3500,9000
20,0,5,2018-04-23T13:31:45.000-07:00,NM,881xx,81.6,51600.0,,INDIVIDUAL,4807,912,77.2,0,0,2018-04-23T13:22:31.000-07:00,1,0.0,,CASH,29.8,,2012-10-22T17:00:00.000-07:00,48.0,Firefighter ,2018-05-25T18:00:00.000-07:00,6.8,689,685,1625.0,C,RENT,900.0,91.9,131875070,2018-04-25T18:00:00.000-07:00,F,3,5,1,135.9,13.58,,SOURCE_VERIFIED,,2018-04-25T18:00:00.000-07:00,4000.0,2560.0,147781782,66.0,43,4,4,0,0.0,22.0,,,8.0,4,,0.0,,0,3,7,3,3,7,9,11,7,12,0.0,0,0,3,12,1,3,2,2,1,3,94,33.3,0,0,credit_card,APPROVED,2018-04-25T14:34:44.000-07:00,6482.0,,43.2,,,,,,,,,,,,,1.13,C2,0,36,0,57681,70708,18,57681,51199.0,4000,3,55708,15000
21,0,2,2018-04-24T12:00:59.000-07:00,NM,875xx,55.6,59800.0,123800.0,JOINT,33591,12219,30.2,0,0,2018-04-24T11:55:24.000-07:00,0,0.0,,CASH,35.96,17.37,2006-02-23T16:00:00.000-08:00,96.0,Administrator,2018-05-25T18:00:00.000-07:00,1.86,719,715,2600.0,A,MORTGAGE,1440.0,66.4,132184048,2018-04-25T18:00:00.000-07:00,F,0,3,2,155.17,7.34,,SOURCE_VERIFIED,SOURCE_VERIFIED,2018-04-25T18:00:00.000-07:00,5000.0,4113.0,148336537,134.0,146,14,11,1,1436.08,78.0,,,29.0,42,,0.0,,0,2,4,2,3,7,5,7,4,9,0.0,0,0,1,9,0,3,0,0,0,1,93,0.0,0,0,debt_consolidation,APPROVED,2018-04-25T15:10:10.000-07:00,15616.0,15616.0,41.9,0.0,0.0,2006-02-23T16:00:00.000-08:00,704.0,700.0,2.0,1.0,,3.0,6.0,3.0,51.7,0.83,A4,0,36,0,302317,345216,15,92421,76805.0,17500,3,95116,37300
22,0,18,2018-04-24T11:12:37.000-07:00,TX,786xx,53.3,96500.0,,INDIVIDUAL,16241,17820,48.3,0,0,2018-04-24T06:19:07.000-07:00,0,0.0,,CASH,27.25,,2006-06-23T17:00:00.000-07:00,120.0,HR Director,2018-05-25T18:00:00.000-07:00,6.8,674,670,2350.0,C,MORTGAGE,670.0,68.0,132169697,2018-04-25T18:00:00.000-07:00,F,7,7,1,173.43,15.04,,VERIFIED,,2018-04-25T18:00:00.000-07:00,5000.0,6679.0,148320049,142.0,142,1,1,4,1704.83,,,102.0,5.0,1,,2.0,,0,5,10,6,19,38,18,36,10,22,0.0,0,0,9,22,4,3,3,6,5,11,100,33.3,1,1,home_improvement,APPROVED,2018-04-25T14:40:09.000-07:00,31098.0,,44.5,,,,,,,,,,,,,1.13,C4,0,36,0,357297,400337,78,116363,85265.0,34500,6,89503,69900
23,0,6,2018-04-23T15:53:49.000-07:00,KS,660xx,52.2,29640.0,75400.0,JOINT,12461,1637,61.9,0,0,2018-04-23T14:31:01.000-07:00,0,0.0,,CASH,40.57,29.65,2011-08-22T17:00:00.000-07:00,120.0,Accounts Payable,2018-05-25T18:00:00.000-07:00,1.86,699,695,2650.0,A,MORTGAGE,1100.0,69.1,132134531,2018-04-25T18:00:00.000-07:00,F,1,3,0,170.69,7.34,,VERIFIED,VERIFIED,2018-04-25T18:00:00.000-07:00,5500.0,1637.0,148284644,73.0,76,8,8,4,1098.96,39.0,,92.0,17.0,55,,9.0,,0,2,7,2,2,8,9,9,7,12,0.0,0,0,3,12,0,2,0,2,1,1,85,0.0,1,1,debt_consolidation,APPROVED,2018-04-25T16:51:54.000-07:00,7674.0,22971.0,31.7,0.0,0.0,2007-03-22T17:00:00.000-07:00,689.0,685.0,0.0,4.0,,6.0,9.0,4.0,43.9,0.83,A4,0,36,326,149530,175882,21,27871,20197.0,4300,0,29227,24200
24,0,1,2018-04-24T14:13:06.000-07:00,NY,113xx,87.4,55000.0,,INDIVIDUAL,5738,7604,43.7,0,0,2018-04-24T13:11:17.000-07:00,0,0.0,,CASH,8.14,,2011-08-23T17:00:00.000-07:00,24.0,Project Architect,2018-05-25T18:00:00.000-07:00,1.86,724,720,4075.0,A,RENT,900.0,100.4,132203125,2018-04-25T18:00:00.000-07:00,F,0,0,0,215.22,6.71,,NOT_VERIFIED,,2018-04-25T18:00:00.000-07:00,7000.0,5244.0,148363627,80.0,68,16,16,0,0.0,,,,31.0,16,,,,0,2,2,2,2,7,2,2,2,9,0.0,0,0,0,9,0,7,0,0,0,1,100,50.0,0,0,credit_card,APPROVED,2018-04-25T17:00:07.000-07:00,5896.0,,43.7,,,,,,,,,,,,,0.83,A3,0,36,0,51640,59078,9,51640,45744.0,13500,0,45578,13500
25,0,8,2018-04-24T11:48:06.000-07:00,WI,535xx,64.2,64000.0,,INDIVIDUAL,9042,8690,55.9,0,0,2018-04-24T06:23:02.000-07:00,0,0.0,,CASH,26.36,,2008-06-23T17:00:00.000-07:00,12.0,Manufacturing Engineer,2018-05-25T18:00:00.000-07:00,5.71,699,695,8850.0,C,MORTGAGE,660.0,82.2,132176556,2018-04-25T18:00:00.000-07:00,F,1,2,0,285.74,15.04,,NOT_VERIFIED,,2018-04-25T18:00:00.000-07:00,12000.0,5327.0,148325891,116.0,118,1,1,1,1561.07,,,,15.0,1,,5.0,,0,4,6,5,5,16,9,12,6,25,0.0,0,0,5,25,3,15,0,1,4,6,100,40.0,0,0,credit_card,APPROVED,2018-04-25T15:03:39.000-07:00,17043.0,,35.4,,,,,,,,,,,,,0.78,C4,0,60,143,226054,270432,29,80559,63516.0,19700,0,77317,48100
26,0,6,2018-04-25T16:06:37.000-07:00,GA,302xx,44.9,52805.0,,INDIVIDUAL,859,4806,41.4,0,0,2018-04-15T21:02:29.000-07:00,0,0.0,,CASH,6.98,,2014-10-15T17:00:00.000-07:00,60.0,Store manager ,2018-05-25T18:00:00.000-07:00,3.8,669,665,3250.0,B,RENT,250.0,77.0,131621550,2018-04-25T18:00:00.000-07:00,F,0,2,1,215.84,11.98,,NOT_VERIFIED,,2018-04-25T18:00:00.000-07:00,6500.0,1937.0,147580768,42.0,28,3,2,0,0.0,,,,2.0,3,,1.0,,0,3,3,4,4,3,6,6,3,8,0.0,0,0,3,8,2,2,2,2,1,4,100,25.0,0,0,credit_card,APPROVED,2018-04-25T16:11:32.000-07:00,3394.0,,31.4,,,,,,,,,,,,,0.96,B5,0,36,158,6869,15311,9,6869,3475.0,8200,0,4511,10800
27,0,9,2018-04-24T11:21:46.000-07:00,CA,940xx,57.1,85000.0,,INDIVIDUAL,4594,27051,11.0,0,0,2018-04-24T11:19:29.000-07:00,0,0.0,,CASH,9.6,,2005-11-23T16:00:00.000-08:00,60.0,Health coach  Medical,2018-05-25T18:00:00.000-07:00,9.79,739,735,11650.0,D,RENT,1300.0,97.1,132190655,2018-04-25T18:00:00.000-07:00,F,5,6,1,376.59,17.47,,SOURCE_VERIFIED,,2018-04-25T18:00:00.000-07:00,15000.0,3349.0,148363112,79.0,149,3,2,0,0.0,28.0,28.0,,2.0,3,,2.0,,1,1,3,5,6,4,8,11,3,11,0.0,0,0,6,11,5,2,2,2,4,7,93,0.0,0,0,debt_consolidation,APPROVED,2018-04-25T15:05:16.000-07:00,4189.0,,10.1,,,,,,,,,,,,,0.97,D1,0,60,0,50538,88470,16,50538,23933.0,30400,0,24654,41400
28,0,7,2018-04-25T16:05:39.000-07:00,VA,201xx,62.2,80000.0,,INDIVIDUAL,6665,9235,18.3,0,0,2018-04-18T08:18:26.000-07:00,1,0.0,,DIRECT_PAY,32.03,,1995-10-17T17:00:00.000-07:00,120.0,Sales ,2018-05-25T18:00:00.000-07:00,14.72,704,700,2750.0,E,RENT,1200.0,90.0,131846226,2018-04-25T18:00:00.000-07:00,F,4,5,2,258.46,26.77,,SOURCE_VERIFIED,,2018-04-25T18:00:00.000-07:00,6350.0,1218.0,147732545,141.0,270,4,4,2,0.0,18.0,48.0,,5.0,4,48.0,5.0,18.0,3,3,5,3,5,7,7,10,5,10,0.0,0,0,5,10,3,3,3,4,2,3,68,0.0,0,0,credit_card,APPROVED,2018-04-25T16:30:24.000-07:00,2553.0,,13.1,,,,,,,,,,,,,1.58,E5,0,36,0,66649,90831,19,66649,64096.0,11300,0,71331,19500
29,0,4,2018-04-24T11:02:50.000-07:00,NM,882xx,59.3,85000.0,,INDIVIDUAL,3568,8816,44.9,0,1,2018-04-24T10:54:21.000-07:00,1,0.0,,CASH,23.38,,2007-02-23T16:00:00.000-08:00,84.0,Senior sales,2018-05-25T18:00:00.000-07:00,6.8,689,685,3400.0,C,MORTGAGE,600.0,65.4,132189744,2018-04-25T18:00:00.000-07:00,F,2,2,2,237.82,13.58,,SOURCE_VERIFIED,,2018-04-25T18:00:00.000-07:00,7000.0,3946.0,148339276,104.0,61,1,1,1,0.0,18.0,18.0,,20.0,1,,3.0,,2,5,6,6,6,8,7,7,6,9,0.0,0,1,3,9,3,2,0,1,3,3,88,0.0,0,0,credit_card,APPROVED,2018-04-25T15:59:13.000-07:00,7274.0,,44.9,,,,,,,,,,,,,1.13,C2,0,36,1317,32111,54170,17,32111,24837.0,16000,0,37970,16200
30,0,7,2018-04-25T14:31:30.000-07:00,NJ,070xx,41.1,48000.0,,INDIVIDUAL,4439,9658,43.2,0,0,2018-04-22T17:41:17.000-07:00,0,0.0,,CASH,16.07,,2008-08-22T17:00:00.000-07:00,0.0,Licensed practical nurse ,2018-05-25T18:00:00.000-07:00,6.8,694,690,1225.0,C,RENT,1000.0,56.6,132099229,2018-04-25T18:00:00.000-07:00,F,1,1,0,173.43,15.04,,SOURCE_VERIFIED,,2018-04-25T18:00:00.000-07:00,5000.0,5228.0,148239076,116.0,34,3,3,0,0.0,32.0,32.0,,12.0,3,,12.0,,11,4,6,4,4,18,7,7,6,10,0.0,0,0,4,10,2,2,1,1,3,5,57,0.0,0,0,debt_consolidation,APPROVED,2018-04-25T14:37:20.000-07:00,8217.0,,39.3,,,,,,,,,,,,,1.13,C4,0,36,0,44394,60993,26,44394,36054.0,17000,0,39864,20900
31,0,2,2018-04-25T14:17:24.000-07:00,VA,231xx,90.8,25000.0,,INDIVIDUAL,7428,185,96.0,0,0,2018-04-18T21:33:49.000-07:00,0,0.0,,CASH,23.43,,2014-12-18T16:00:00.000-08:00,36.0,Companion animal manager,2018-05-25T18:00:00.000-07:00,11.12,684,680,6075.0,D,RENT,330.0,89.6,131915744,2018-04-25T18:00:00.000-07:00,F,2,3,0,368.69,19.42,,NOT_VERIFIED,,2018-04-25T18:00:00.000-07:00,10000.0,3427.0,147889624,11.0,40,12,11,0,0.0,,,,11.0,12,,11.0,,0,2,2,2,2,1,2,2,2,3,0.0,0,0,2,3,0,1,1,1,1,1,100,100.0,0,0,credit_card,APPROVED,2018-04-25T14:26:38.000-07:00,4415.0,,96.0,,,,,,,,,,,,,1.36,D3,0,36,0,22284,24548,3,22284,17869.0,4600,0,19948,4600
32,0,9,2018-04-25T15:55:07.000-07:00,TX,774xx,89.6,72000.0,,INDIVIDUAL,7561,13665,31.7,0,0,2018-04-25T15:37:52.000-07:00,0,0.0,,CASH,18.35,,2004-01-24T16:00:00.000-08:00,36.0,Account Specialist ,2018-05-25T18:00:00.000-07:00,6.8,714,710,2400.0,C,RENT,500.0,98.8,132132800,2018-04-25T18:00:00.000-07:00,F,3,4,2,225.46,15.04,,NOT_VERIFIED,,2018-04-25T18:00:00.000-07:00,6500.0,5961.0,148282512,164.0,58,5,5,0,0.0,27.0,,,7.0,5,,0.0,,0,6,6,7,7,31,7,7,6,22,0.0,0,0,4,22,2,15,2,5,2,4,94,14.3,0,0,debt_consolidation,APPROVED,2018-04-25T15:58:52.000-07:00,6335.0,,31.7,,,,,,,,,,,,,1.13,C4,0,36,0,166346,185129,39,166346,160011.0,20000,0,165129,20000
33,0,3,2018-04-24T14:34:38.000-07:00,WI,548xx,71.5,55661.0,,INDIVIDUAL,14958,5979,39.0,0,0,2018-04-24T14:32:30.000-07:00,0,0.0,,CASH,16.54,,1996-08-23T17:00:00.000-07:00,96.0,Associate Researcher,2018-05-25T18:00:00.000-07:00,3.8,694,690,6850.0,B,OWN,,98.8,132210130,2018-04-25T18:00:00.000-07:00,F,2,10,0,359.61,10.9,,NOT_VERIFIED,,2018-04-25T18:00:00.000-07:00,11000.0,3228.0,148381842,260.0,165,6,2,4,841.87,,,113.0,2.0,6,,2.0,,0,3,5,3,5,3,8,10,5,10,0.0,0,0,3,10,2,1,1,1,1,1,100,33.3,1,1,debt_consolidation,APPROVED,2018-04-25T17:08:26.000-07:00,10969.0,,44.2,,,,,,,,,,,,,0.96,B4,0,36,0,149577,165530,17,35404,24435.0,9800,2,24730,24800
34,0,5,2018-04-25T16:27:48.000-07:00,NY,112xx,63.4,86000.0,,INDIVIDUAL,17659,1804,81.0,0,0,2018-04-23T15:58:13.000-07:00,1,0.0,,CASH,20.92,,2004-03-22T16:00:00.000-08:00,120.0,Legal Administrative Assistant,2018-05-25T18:00:00.000-07:00,3.8,664,660,2675.0,B,MORTGAGE,1300.0,60.3,132139759,2018-04-25T18:00:00.000-07:00,F,4,10,1,227.23,10.41,,NOT_VERIFIED,,2018-04-25T18:00:00.000-07:00,7000.0,7696.0,148297033,162.0,169,15,14,4,0.0,10.0,,57.0,14.0,42,10.0,0.0,10.0,0,1,1,1,9,11,3,23,1,6,0.0,0,0,0,6,0,3,0,2,0,3,100,100.0,1,1,debt_consolidation,APPROVED,2018-04-25T16:30:56.000-07:00,7696.0,,74.7,,,,,,,,,,,,,0.96,B3,0,36,0,105951,112400,38,105951,98255.0,9500,3,102100,10300
35,0,4,2018-04-09T14:17:30.000-07:00,NY,109xx,52.5,133600.0,,INDIVIDUAL,20969,78692,52.3,0,0,2018-04-03T19:35:27.000-07:00,0,0.0,,CASH,33.44,,1971-04-03T16:00:00.000-08:00,,,2018-05-25T18:00:00.000-07:00,6.8,709,705,4500.0,C,MORTGAGE,2875.0,74.3,131146314,2018-04-25T18:00:00.000-07:00,F,3,5,1,307.91,14.07,,NOT_VERIFIED,,2018-04-25T18:00:00.000-07:00,9000.0,13284.0,146510022,128.0,564,8,5,5,3685.13,,,,5.0,15,,1.0,,0,16,21,17,23,10,27,46,21,32,0.0,0,0,2,32,1,2,1,2,1,2,100,17.6,0,0,debt_consolidation,APPROVED,2018-04-25T14:42:33.000-07:00,118482.0,,49.6,,,,,,,,,,,,,1.13,C3,0,36,0,650043,923388,61,140829,22347.0,167900,2,30078,235400
36,0,3,2018-04-24T14:36:12.000-07:00,PA,195xx,81.4,240000.0,,INDIVIDUAL,27469,4359,87.1,0,0,2018-04-24T14:34:32.000-07:00,0,0.0,,CASH,24.79,,2003-05-23T17:00:00.000-07:00,120.0,Foreman,2018-05-25T18:00:00.000-07:00,6.8,689,685,10400.0,C,MORTGAGE,2000.0,75.3,132211143,2018-04-25T18:00:00.000-07:00,F,3,1,0,521.51,13.58,,SOURCE_VERIFIED,,2018-04-25T18:00:00.000-07:00,15350.0,15475.0,148382859,149.0,156,22,12,3,2042.0,78.0,,,12.0,38,,12.0,,0,4,9,4,6,14,9,19,9,14,0.0,0,0,1,14,0,4,1,2,0,1,97,100.0,0,0,debt_consolidation,APPROVED,2018-04-25T17:17:22.000-07:00,72880.0,,88.4,,,,,,,,,,,,,1.13,C2,0,36,0,384572,467835,36,181616,108736.0,33900,8,151716,82400
37,0,5,2018-04-24T10:37:35.000-07:00,CA,914xx,49.2,140400.0,,INDIVIDUAL,3647,18575,50.9,0,0,2018-04-24T10:34:55.000-07:00,0,0.0,,DIRECT_PAY,17.63,,2008-03-23T17:00:00.000-07:00,24.0,Accountant,2018-05-25T18:00:00.000-07:00,14.72,669,665,9950.0,E,RENT,1800.0,52.8,132186748,2018-04-25T18:00:00.000-07:00,F,0,2,0,595.13,24.84,,NOT_VERIFIED,,2018-04-25T18:00:00.000-07:00,15000.0,6654.0,148337214,102.0,121,7,7,0,0.0,73.0,,,9.0,7,,9.0,,0,8,12,8,8,3,12,12,12,14,0.0,0,0,2,14,0,2,1,1,1,4,100,12.5,0,0,debt_consolidation,APPROVED,2018-04-25T14:17:32.000-07:00,23771.0,,45.5,,,,,,,,,,,,,1.58,E3,0,36,1506,51056,103850,15,51056,27285.0,37800,0,51650,52200
38,0,0,2018-04-23T22:07:30.000-07:00,WA,980xx,74.2,44000.0,,INDIVIDUAL,5697,282,94.4,0,0,2018-04-09T19:37:20.000-07:00,0,0.0,,CASH,24.52,,2005-06-09T17:00:00.000-07:00,72.0,Lead Concierge,2018-05-25T18:00:00.000-07:00,11.12,699,695,8450.0,D,RENT,1170.0,73.2,131372131,2018-04-25T18:00:00.000-07:00,F,0,1,1,516.78,17.47,,VERIFIED,,2018-04-25T18:00:00.000-07:00,14400.0,4718.0,147059948,154.0,143,33,27,0,0.0,,,,27.0,143,,0.0,,0,1,2,1,1,5,4,6,2,6,0.0,0,0,0,6,0,2,0,0,0,0,100,100.0,0,0,debt_consolidation,APPROVED,2018-04-25T15:51:45.000-07:00,8484.0,,77.1,,,,,,,,,,,,,1.36,D1,0,36,0,34183,46095,11,34183,25699.0,5000,1,35095,11000
39,0,3,2018-04-24T09:10:19.000-07:00,VA,236xx,73.1,50666.0,,INDIVIDUAL,8784,5715,58.9,0,0,2018-04-24T06:34:58.000-07:00,0,0.0,,CASH,20.87,,2000-01-23T16:00:00.000-08:00,72.0,Logistic Manager,2018-05-25T18:00:00.000-07:00,3.8,669,665,9200.0,B,MORTGAGE,1461.0,,132178402,2018-04-25T18:00:00.000-07:00,F,2,5,1,514.68,11.98,,VERIFIED,,2018-04-25T18:00:00.000-07:00,15500.0,7854.0,148318741,157.0,219,1,1,1,0.0,59.0,61.0,,10.0,1,59.0,1.0,59.0,2,2,3,3,7,7,4,11,3,5,0.0,0,0,2,5,1,1,1,2,1,1,78,33.3,0,0,debt_consolidation,APPROVED,2018-04-25T15:41:49.000-07:00,16530.0,,73.1,,,,,,,,,,,,,0.96,B5,0,36,0,43919,60757,19,43919,27389.0,13900,2,38157,22600
40,0,5,2018-04-23T08:47:47.000-07:00,NV,890xx,65.5,105791.0,,INDIVIDUAL,4740,8050,62.9,0,0,2018-04-23T08:46:24.000-07:00,0,0.0,,CASH,19.88,,1993-08-22T17:00:00.000-07:00,120.0,Corporate Broker,2018-05-25T18:00:00.000-07:00,6.8,709,705,8600.0,C,MORTGAGE,2600.0,71.2,132117779,2018-04-25T18:00:00.000-07:00,F,2,2,1,513.18,14.07,,VERIFIED,,2018-04-25T18:00:00.000-07:00,15000.0,8198.0,148267853,36.0,296,3,3,2,0.0,27.0,27.0,,12.0,3,,0.0,,1,4,5,4,5,3,6,11,5,9,0.0,0,0,2,9,1,3,1,1,1,4,93,50.0,0,0,credit_card,APPROVED,2018-04-25T14:03:12.000-07:00,15607.0,,57.6,,,,,,,,,,,,,1.13,C3,0,36,0,42662,65100,16,42662,27055.0,21700,2,38000,27100
41,0,7,2018-04-25T15:58:02.000-07:00,MD,207xx,69.4,68000.0,,INDIVIDUAL,2882,7408,52.2,0,0,2018-04-25T15:54:58.000-07:00,0,0.0,,CASH,20.19,,2007-07-24T17:00:00.000-07:00,60.0,Certified Medical Assistant,2018-05-25T18:00:00.000-07:00,3.8,689,685,3325.0,B,RENT,300.0,100.9,132278150,2018-04-25T18:00:00.000-07:00,F,1,3,0,332.05,11.98,,NOT_VERIFIED,,2018-04-25T18:00:00.000-07:00,10000.0,6211.0,148552299,86.0,129,2,2,0,0.0,42.0,42.0,,11.0,2,,0.0,59.0,0,3,9,3,8,13,11,26,9,21,0.0,0,0,4,21,1,10,1,1,3,6,74,0.0,0,0,credit_card,APPROVED,2018-04-25T16:00:03.000-07:00,12070.0,,30.8,,,,,,,,,,,,,0.96,B5,0,36,394,60531,87238,39,60531,48461.0,15500,1,48038,39200
42,0,4,2018-04-23T01:43:22.000-07:00,GA,301xx,81.1,46000.0,119500.0,JOINT,43718,5042,75.6,0,0,2018-04-23T01:02:33.000-07:00,0,0.0,,CASH,34.67,18.05,2000-02-22T16:00:00.000-08:00,36.0,WFM Coordinator,2018-05-25T18:00:00.000-07:00,3.8,694,690,5275.0,B,MORTGAGE,2460.0,89.1,132102735,2018-04-25T18:00:00.000-07:00,F,0,1,0,386.76,9.92,,SOURCE_VERIFIED,SOURCE_VERIFIED,2018-04-25T18:00:00.000-07:00,12000.0,7021.0,148240663,129.0,218,6,2,4,3424.67,,,,2.0,58,,5.0,,0,4,6,4,4,8,7,11,6,12,0.0,0,0,2,12,2,3,1,2,1,2,100,75.0,0,0,home_improvement,APPROVED,2018-04-25T15:26:55.000-07:00,18070.0,32513.0,69.0,0.0,0.0,2000-02-22T16:00:00.000-08:00,694.0,690.0,0.0,4.0,,13.0,13.0,3.0,63.1,0.96,B2,0,36,0,480894,519918,23,53795,35725.0,20700,1,40098,26200
43,0,3,2018-04-24T10:06:56.000-07:00,TX,754xx,45.2,65000.0,,INDIVIDUAL,29254,593,92.5,0,0,2018-04-24T07:47:53.000-07:00,1,0.0,,CASH,28.56,,2003-08-23T17:00:00.000-07:00,48.0,Teacher/Coach,2018-05-25T18:00:00.000-07:00,3.8,694,690,4150.0,B,MORTGAGE,2021.0,40.1,132170102,2018-04-25T18:00:00.000-07:00,F,1,1,0,359.61,10.9,,SOURCE_VERIFIED,,2018-04-25T18:00:00.000-07:00,11000.0,5584.0,148320496,153.0,176,16,3,2,2020.96,20.0,,,15.0,154,,4.0,20.0,0,3,4,3,4,7,5,6,4,10,0.0,0,0,1,10,1,4,0,1,0,1,86,100.0,0,0,debt_consolidation,APPROVED,2018-04-25T13:55:45.000-07:00,8440.0,,81.9,,,,,,,,,,,,,0.96,B4,0,36,118,292543,339356,15,37991,29551.0,7900,0,73766,10300
44,0,1,2018-04-24T10:50:27.000-07:00,CT,065xx,50.7,60000.0,,INDIVIDUAL,4850,6367,67.8,0,0,2018-04-24T00:01:21.000-07:00,0,0.0,,DIRECT_PAY,13.88,,2011-02-23T16:00:00.000-08:00,96.0,Assistant Manager,2018-05-25T18:00:00.000-07:00,1.86,694,690,4575.0,A,RENT,1275.0,,132154034,2018-04-25T18:00:00.000-07:00,F,0,0,0,368.94,6.71,,NOT_VERIFIED,,2018-04-25T18:00:00.000-07:00,12000.0,5616.0,148311404,79.0,86,4,4,0,0.0,25.0,25.0,,71.0,4,25.0,,25.0,0,6,10,6,7,2,11,13,10,12,0.0,0,0,1,12,1,1,0,0,1,1,93,33.3,0,0,credit_card,APPROVED,2018-04-25T15:08:26.000-07:00,18299.0,,50.7,,,,,,,,,,,,,0.83,A3,0,36,0,58200,68850,15,58200,39901.0,19800,0,32750,36100
45,0,11,2018-04-22T16:29:08.000-07:00,PA,183xx,46.3,77000.0,,INDIVIDUAL,15711,31002,14.4,0,0,2018-04-21T15:05:38.000-07:00,0,0.0,,CASH,34.43,,1999-10-20T17:00:00.000-07:00,,,2018-05-25T18:00:00.000-07:00,1.86,729,725,4350.0,A,MORTGAGE,142300.0,76.1,132058494,2018-04-25T18:00:00.000-07:00,F,0,2,0,375.82,7.96,,NOT_VERIFIED,,2018-04-25T18:00:00.000-07:00,12000.0,4145.0,148210141,121.0,124,11,7,3,1609.94,53.0,53.0,,7.0,11,,8.0,,1,3,4,6,8,8,12,17,4,17,0.0,0,0,5,17,0,4,3,4,2,6,96,0.0,0,0,other,APPROVED,2018-04-25T17:31:06.000-07:00,5626.0,,10.3,,,,,,,,,,,,,0.83,A5,0,36,0,251383,328980,29,55900,50274.0,36200,0,66080,54600
46,0,2,2018-04-22T06:11:46.000-07:00,OH,432xx,86.1,30264.0,66768.0,JOINT,4016,922,92.0,0,0,2018-04-22T06:05:14.000-07:00,0,0.0,,CASH,6.78,4.49,2005-08-21T17:00:00.000-07:00,0.0,Distribution ,2018-05-25T18:00:00.000-07:00,14.72,679,675,2650.0,E,RENT,375.0,,132071545,2018-04-25T18:00:00.000-07:00,F,2,9,1,412.63,24.84,,VERIFIED,SOURCE_VERIFIED,2018-04-25T18:00:00.000-07:00,10400.0,6674.0,148219294,,152,7,7,0,0.0,,,,,7,,0.0,,0,2,3,2,4,0,3,8,3,3,0.0,0,0,1,3,0,0,0,0,1,2,100,100.0,0,0,debt_consolidation,APPROVED,2018-04-25T14:38:32.000-07:00,12049.0,13613.0,86.1,0.0,0.0,2010-11-21T16:00:00.000-08:00,609.0,605.0,0.0,0.0,61.0,5.0,5.0,0.0,85.6,1.58,E3,0,36,0,12049,14000,8,12049,0.0,11500,0,0,14000
47,0,1,2018-04-24T06:41:46.000-07:00,NY,112xx,66.8,24336.0,,INDIVIDUAL,635,827,74.9,0,0,2018-04-24T06:24:58.000-07:00,0,0.0,,CASH,5.52,,2013-11-23T16:00:00.000-08:00,24.0,"Dispatcher , Customer Service ",2018-05-25T18:00:00.000-07:00,11.12,674,670,7075.0,D,RENT,1500.0,,132179356,2018-04-25T18:00:00.000-07:00,F,0,1,0,538.31,17.47,,VERIFIED,,2018-04-25T18:00:00.000-07:00,15000.0,2313.0,148319688,26.0,53,10,10,0,0.0,28.0,,,25.0,37,45.0,10.0,28.0,0,2,3,2,2,2,4,4,3,4,0.0,0,0,1,4,0,0,0,0,1,1,66,50.0,0,0,major_purchase,APPROVED,2018-04-25T15:05:39.000-07:00,2539.0,,66.8,,,,,,,,,,,,,1.36,D1,0,36,0,2539,3800,6,2539,0.0,3300,0,0,3800
48,0,8,2018-04-23T10:56:00.000-07:00,TX,770xx,40.0,45000.0,,INDIVIDUAL,1143,4699,52.5,0,0,2018-04-23T10:22:03.000-07:00,0,0.0,,CASH,17.71,,2008-05-22T17:00:00.000-07:00,24.0,Nails technician ,2018-05-25T18:00:00.000-07:00,6.8,719,715,1525.0,C,RENT,100.0,36.1,132128221,2018-04-25T18:00:00.000-07:00,F,2,2,1,335.07,12.61,,SOURCE_VERIFIED,,2018-04-25T18:00:00.000-07:00,10000.0,3850.0,148269287,23.0,119,5,5,0,0.0,,,,23.0,5,,5.0,,0,4,4,5,6,1,9,11,4,10,0.0,0,0,4,10,1,1,0,1,4,7,100,20.0,0,0,other,APPROVED,2018-04-25T14:34:39.000-07:00,5201.0,,46.0,,,,,,,,,,,,,1.13,C1,0,36,0,11428,28544,12,11428,6227.0,9900,0,17244,11300
49,0,3,2018-04-24T12:44:28.000-07:00,AZ,852xx,82.9,65000.0,132500.0,JOINT,37624,1981,77.0,0,0,2018-04-24T12:38:34.000-07:00,1,0.0,,CASH,13.77,7.96,2005-08-23T17:00:00.000-07:00,0.0,Office Manager,2018-05-25T18:00:00.000-07:00,3.8,664,660,3225.0,B,MORTGAGE,1962.0,91.7,132199229,2018-04-25T18:00:00.000-07:00,F,1,2,0,384.01,9.43,,SOURCE_VERIFIED,SOURCE_VERIFIED,2018-04-25T18:00:00.000-07:00,12000.0,3417.0,148340671,152.0,134,19,10,2,1955.48,23.0,,78.0,10.0,25,,10.0,,0,4,8,4,6,5,8,10,8,10,0.0,0,0,2,10,0,1,1,1,0,1,93,50.0,1,1,credit_card,APPROVED,2018-04-25T15:45:54.000-07:00,9662.0,11992.0,70.0,0.0,0.0,2001-06-23T17:00:00.000-07:00,654.0,650.0,0.0,2.0,,9.0,8.0,1.0,75.8,0.96,B1,0,36,919,376239,387352,17,28252,18590.0,8600,1,20266,13800
50,0,0,2018-04-24T12:15:02.000-07:00,IL,606xx,29.5,60000.0,,INDIVIDUAL,42895,52624,26.9,0,0,2018-04-03T12:19:22.000-07:00,0,0.0,,DIRECT_PAY,16.0,,1995-11-02T16:00:00.000-08:00,12.0,Chiropractor ,2018-05-25T18:00:00.000-07:00,1.86,734,730,5600.0,A,RENT,1300.0,67.4,131126268,2018-04-25T18:00:00.000-07:00,F,0,1,1,451.66,5.31,,NOT_VERIFIED,,2018-04-25T18:00:00.000-07:00,15000.0,16235.0,146478859,128.0,269,33,33,0,0.0,,,,37.0,33,,1.0,,0,2,3,3,9,26,4,12,3,6,0.0,0,0,0,6,0,2,0,0,0,0,100,0.0,0,0,debt_consolidation,APPROVED,2018-04-25T15:18:19.000-07:00,19525.0,,26.0,,,,,,,,,,,,,0.83,A1,0,36,0,257367,281691,38,257367,237842.0,72000,0,206691,75000
51,0,11,2018-04-25T15:59:09.000-07:00,SC,296xx,44.5,42000.0,,INDIVIDUAL,1126,6231,55.5,0,0,2018-04-25T15:52:37.000-07:00,0,0.0,,CASH,18.14,,2003-08-24T17:00:00.000-07:00,120.0,EKG TECH,2018-05-25T18:00:00.000-07:00,6.8,694,690,1875.0,C,OWN,,80.4,132271054,2018-04-25T18:00:00.000-07:00,F,0,1,1,407.69,13.58,,SOURCE_VERIFIED,,2018-04-25T18:00:00.000-07:00,12000.0,4490.0,148555188,176.0,164,4,2,0,0.0,43.0,,,2.0,5,43.0,5.0,43.0,0,3,9,3,5,22,12,18,9,14,0.0,0,0,6,14,5,2,2,3,4,8,97,33.3,0,0,credit_card,APPROVED,2018-04-25T16:15:43.000-07:00,11338.0,,37.9,,,,,,,,,,,,,1.13,C2,0,36,0,15761,35400,40,15761,4423.0,14000,23,5500,29900
52,0,3,2018-04-25T15:12:09.000-07:00,WA,989xx,91.8,75000.0,,INDIVIDUAL,19765,649,97.5,0,0,2018-04-25T15:04:21.000-07:00,0,0.0,,CASH,21.39,,1992-10-24T17:00:00.000-07:00,120.0,Consumer Safety Inspector,2018-05-25T18:00:00.000-07:00,3.8,704,700,4750.0,B,MORTGAGE,672.0,82.3,132266938,2018-04-25T18:00:00.000-07:00,F,1,2,0,486.91,10.41,,NOT_VERIFIED,,2018-04-25T18:00:00.000-07:00,15000.0,15538.0,148552061,157.0,306,19,8,1,921.25,,,,8.0,43,,10.0,,0,3,5,3,14,8,5,19,5,8,0.0,0,0,2,8,0,2,2,2,0,1,100,100.0,0,0,debt_consolidation,APPROVED,2018-04-25T15:13:41.000-07:00,30881.0,,96.2,,,,,,,,,,,,,0.96,B3,0,36,0,158119,238631,28,43082,12201.0,25700,2,14831,32100
53,0,2,2018-04-24T10:42:56.000-07:00,OH,430xx,54.9,43000.0,,INDIVIDUAL,5437,5307,41.7,0,0,2018-04-24T10:38:39.000-07:00,0,0.0,,CASH,29.05,,1999-03-23T16:00:00.000-08:00,120.0,Dispatch,2018-05-25T18:00:00.000-07:00,3.8,669,665,3700.0,B,MORTGAGE,760.0,51.3,132181879,2018-04-25T18:00:00.000-07:00,F,0,0,0,448.01,9.43,,SOURCE_VERIFIED,,2018-04-25T18:00:00.000-07:00,14000.0,1617.0,148332359,130.0,152,15,15,3,719.89,42.0,42.0,,36.0,116,,,47.0,2,4,11,4,6,5,14,20,11,17,0.0,0,0,0,17,0,2,0,0,0,2,79,0.0,0,0,debt_consolidation,APPROVED,2018-04-25T14:18:59.000-07:00,18036.0,,58.4,,,,,,,,,,,,,0.96,B1,0,36,103,92429,133770,29,33057,15021.0,9100,0,29270,30900
54,0,5,2018-04-23T11:24:28.000-07:00,MA,020xx,57.8,55000.0,,INDIVIDUAL,3656,1207,89.5,0,0,2018-04-23T11:16:13.000-07:00,0,0.0,,CASH,17.89,,2012-12-22T16:00:00.000-08:00,84.0,School Bus driver and Bus instructor ,2018-05-25T18:00:00.000-07:00,6.8,684,680,1550.0,C,OWN,,47.5,132124572,2018-04-25T18:00:00.000-07:00,F,0,4,3,410.54,14.07,,SOURCE_VERIFIED,,2018-04-25T18:00:00.000-07:00,12000.0,5488.0,148262683,64.0,60,2,2,1,0.0,,,,3.0,16,,2.0,,0,2,4,2,4,4,5,8,4,8,0.0,0,0,3,8,3,3,1,1,1,3,100,100.0,0,0,credit_card,APPROVED,2018-04-25T17:35:56.000-07:00,12223.0,,82.6,,,,,,,,,,,,,1.13,C3,0,36,0,29244,50616,13,29244,17021.0,11500,4,35816,14800
55,0,5,2018-04-24T09:52:10.000-07:00,FL,342xx,1.1,29652.0,,INDIVIDUAL,32,19743,1.3,0,0,2018-04-23T05:06:00.000-07:00,1,0.0,,CASH,2.31,,2006-02-22T16:00:00.000-08:00,,,2018-05-25T18:00:00.000-07:00,6.8,684,680,1275.0,C,MORTGAGE,668.0,,132103918,2018-04-25T18:00:00.000-07:00,F,1,3,0,421.95,16.01,,VERIFIED,,2018-04-25T18:00:00.000-07:00,12000.0,200.0,148245813,,67,8,8,1,667.91,1.0,,86.0,,8,1.0,8.0,1.0,0,3,3,5,6,0,8,9,3,8,0.0,0,0,3,8,0,0,0,0,3,5,88,0.0,1,1,major_purchase,APPROVED,2018-04-25T14:31:24.000-07:00,257.0,,1.1,,,,,,,,,,,,,1.13,C5,0,36,0,257,23500,10,257,0.0,20000,0,0,23500
56,0,3,2018-04-25T14:55:38.000-07:00,PA,194xx,61.4,73000.0,,INDIVIDUAL,7690,8235,48.5,0,0,2018-04-25T14:01:03.000-07:00,0,0.0,,CASH,29.64,,2003-05-24T17:00:00.000-07:00,84.0,Registered Nurse,2018-05-25T18:00:00.000-07:00,1.86,729,725,4850.0,A,RENT,400.0,58.0,132266663,2018-04-25T18:00:00.000-07:00,F,4,1,1,512.05,7.96,,NOT_VERIFIED,,2018-04-25T18:00:00.000-07:00,16350.0,6256.0,148509757,128.0,179,14,14,0,0.0,,,,14.0,14,,4.0,,0,2,4,3,3,7,7,10,4,11,0.0,0,0,0,11,0,4,0,1,0,2,100,33.3,0,0,small_business,APPROVED,2018-04-25T14:59:51.000-07:00,23965.0,,70.5,,,,,,,,,,,,,0.83,A5,0,36,0,76903,125200,17,76903,52938.0,16000,6,91200,34000
57,0,3,2018-04-25T13:51:38.000-07:00,TX,767xx,44.7,63654.0,,INDIVIDUAL,20475,17485,32.8,0,0,2018-04-11T08:52:31.000-07:00,0,0.0,,CASH,29.6,,2005-12-10T16:00:00.000-08:00,120.0,Jail Sergeant,2018-05-25T18:00:00.000-07:00,1.86,734,730,7050.0,A,MORTGAGE,830.0,67.3,131431619,2018-04-25T18:00:00.000-07:00,F,0,2,0,626.36,7.96,,SOURCE_VERIFIED,,2018-04-25T18:00:00.000-07:00,20000.0,4486.0,147129987,68.0,148,27,2,2,829.09,32.0,,,2.0,27,,2.0,32.0,0,2,3,2,2,5,4,6,3,8,0.0,0,0,1,8,1,3,1,3,0,0,92,0.0,0,0,credit_card,APPROVED,2018-04-25T14:08:54.000-07:00,9647.0,,31.2,,,,,,,,,,,,,0.83,A5,0,36,0,163799,202912,13,75099,65452.0,26000,3,71494,30900
58,0,7,2018-04-21T17:02:35.000-07:00,TX,799xx,38.0,80000.0,,INDIVIDUAL,3173,82650,7.1,0,0,2018-04-21T16:57:26.000-07:00,0,0.0,,CASH,28.49,,2003-03-20T16:00:00.000-08:00,36.0,Teacher,2018-05-25T18:00:00.000-07:00,3.8,814,810,8000.0,B,OWN,,77.9,132049877,2018-04-25T18:00:00.000-07:00,F,1,1,1,691.21,9.43,,NOT_VERIFIED,,2018-04-25T18:00:00.000-07:00,21600.0,2472.0,148200517,144.0,181,11,4,0,0.0,,,,4.0,11,,5.0,,0,10,10,16,17,6,19,24,10,22,0.0,0,0,2,22,1,3,1,2,1,5,100,0.0,0,0,other,APPROVED,2018-04-25T14:51:51.000-07:00,6350.0,,6.5,,,,,,,,,,,,,0.96,B1,0,36,0,66632,175167,30,66632,60282.0,89000,3,77367,97800
59,0,5,2018-04-23T15:07:52.000-07:00,CA,959xx,43.7,65000.0,,INDIVIDUAL,1752,1266,59.2,0,0,2018-04-23T14:58:50.000-07:00,0,0.0,,CASH,28.58,,2005-02-22T16:00:00.000-08:00,36.0,Para educator,2018-05-25T18:00:00.000-07:00,3.8,719,715,4725.0,B,RENT,200.0,51.3,132139531,2018-04-25T18:00:00.000-07:00,F,2,2,0,630.9,11.98,,SOURCE_VERIFIED,,2018-04-25T18:00:00.000-07:00,19000.0,1207.0,148288794,158.0,129,5,5,1,0.0,39.0,,,9.0,124,39.0,10.0,39.0,0,2,8,2,3,9,10,15,8,15,0.0,0,0,2,15,1,5,1,3,1,2,75,0.0,0,0,credit_card,APPROVED,2018-04-25T17:44:35.000-07:00,7413.0,,32.5,,,,,,,,,,,,,0.96,B5,0,36,0,24521,56132,25,24521,17108.0,3100,1,33332,22800
60,0,2,2018-04-24T12:53:48.000-07:00,IL,622xx,90.0,150000.0,,INDIVIDUAL,43931,22250,77.0,0,0,2018-04-24T12:51:30.000-07:00,0,0.0,,DIRECT_PAY,28.35,,2002-11-23T16:00:00.000-08:00,108.0,Petroleum Ops Specialist,2018-05-25T18:00:00.000-07:00,14.72,699,695,19200.0,E,MORTGAGE,1036.0,41.0,132200254,2018-04-25T18:00:00.000-07:00,F,0,4,0,1370.77,23.87,,SOURCE_VERIFIED,,2018-04-25T18:00:00.000-07:00,35000.0,24137.0,148341673,142.0,185,22,11,5,1077.5,,49.0,,11.0,22,,8.0,,0,2,4,6,6,7,4,9,3,7,,0,0,1,7,0,2,1,2,0,0,95,50.0,0,0,debt_consolidation,APPROVED,2018-04-25T15:59:57.000-07:00,175917.0,,90.0,,,,,,,,,,,,,1.58,E2,0,36,0,307520,369000,21,54737,20480.0,44500,1,50000,196500
61,0,2,2018-04-20T15:08:08.000-07:00,MO,630xx,60.6,60892.5,88113.56,JOINT,21822,1276,89.4,0,0,2018-04-20T15:00:15.000-07:00,0,0.0,,CASH,30.06,27.21,2001-12-19T16:00:00.000-08:00,120.0,Assitant Manager,2018-05-25T18:00:00.000-07:00,5.71,724,720,13650.0,C,MORTGAGE,1054.0,42.1,132009016,2018-04-25T18:00:00.000-07:00,F,1,0,0,699.14,14.07,,SOURCE_VERIFIED,SOURCE_VERIFIED,2018-04-25T18:00:00.000-07:00,30000.0,10724.0,148129472,94.0,63,13,13,4,1022.85,,,,22.0,56,,13.0,,0,1,5,1,1,8,5,5,5,8,0.0,0,0,0,8,0,2,0,1,0,1,100,100.0,0,0,medical,APPROVED,2018-04-25T16:23:24.000-07:00,25153.0,54291.0,83.8,0.0,0.0,2007-05-19T17:00:00.000-07:00,684.0,680.0,0.0,3.0,,13.0,13.0,1.0,83.2,0.78,C3,0,60,0,174574,209631,17,41033,15880.0,12000,2,37697,30000
62,0,2,2018-04-24T12:21:34.000-07:00,OH,454xx,57.6,60000.0,,INDIVIDUAL,4588,10370,66.1,0,0,2018-04-24T12:19:28.000-07:00,0,0.0,,CASH,20.82,,1999-08-23T17:00:00.000-07:00,,,2018-05-25T18:00:00.000-07:00,3.8,709,705,3375.0,B,RENT,600.0,64.1,132197173,2018-04-25T18:00:00.000-07:00,F,0,0,0,644.6,9.92,,SOURCE_VERIFIED,,2018-04-25T18:00:00.000-07:00,20000.0,14288.0,148338647,175.0,224,7,7,0,0.0,65.0,65.0,,9.0,49,,,,1,4,6,4,7,6,8,15,6,10,0.0,0,0,2,10,0,2,1,1,1,1,95,50.0,0,0,debt_consolidation,APPROVED,2018-04-25T15:31:49.000-07:00,20619.0,,52.3,,,,,,,,,,,,,0.96,B2,0,36,0,41296,71656,22,41296,20677.0,30600,0,32256,39400
63,0,0,2018-04-23T20:08:51.000-07:00,NY,112xx,82.0,16000.0,61000.0,JOINT,2379,481,90.4,0,0,2018-04-15T18:16:27.000-07:00,0,0.0,,CASH,11.78,21.09,2012-06-15T17:00:00.000-07:00,72.0,Manager,2018-05-25T18:00:00.000-07:00,14.72,694,690,11375.0,E,RENT,100.0,,131620250,2018-04-25T18:00:00.000-07:00,F,0,0,0,1141.69,26.77,,VERIFIED,SOURCE_VERIFIED,2018-04-25T18:00:00.000-07:00,28050.0,4519.0,147583440,,70,41,41,0,0.0,,,,,70,,,,0,1,3,1,1,0,3,4,3,3,0.0,0,0,0,3,0,0,0,0,0,0,100,100.0,0,0,debt_consolidation,APPROVED,2018-04-25T14:46:13.000-07:00,7138.0,20674.0,82.0,0.0,0.0,1997-11-15T16:00:00.000-08:00,669.0,665.0,0.0,0.0,16.0,8.0,7.0,1.0,79.2,1.58,E5,0,36,0,7138,8700,4,7138,0.0,5000,0,0,8700
64,0,4,2018-04-20T16:12:25.000-07:00,CA,945xx,57.7,40000.0,,INDIVIDUAL,3262,4996,81.5,0,0,2018-04-20T15:55:44.000-07:00,0,0.0,,CASH,17.3,,2008-09-19T17:00:00.000-07:00,24.0,Accountant,2018-05-25T18:00:00.000-07:00,6.8,724,720,2550.0,C,RENT,850.0,34.9,132019179,2018-04-25T18:00:00.000-07:00,F,0,3,1,670.13,12.61,,SOURCE_VERIFIED,,2018-04-25T18:00:00.000-07:00,20000.0,11004.0,148116672,31.0,115,2,2,0,0.0,,,,20.0,2,,2.0,,0,2,4,2,6,3,5,16,4,9,0.0,0,0,1,9,1,3,0,2,1,1,100,50.0,0,0,credit_card,APPROVED,2018-04-25T16:32:08.000-07:00,22318.0,,74.9,,,,,,,,,,,,,1.13,C1,0,36,0,29360,50889,20,29360,6287.0,27000,0,18000,29800
65,0,6,2018-04-24T11:02:22.000-07:00,MI,483xx,30.1,40000.0,,INDIVIDUAL,1220,5205,57.3,0,0,2018-04-24T10:54:19.000-07:00,0,0.0,,CASH,27.93,,2006-12-23T16:00:00.000-08:00,,,2018-05-25T18:00:00.000-07:00,11.12,699,695,2275.0,D,MORTGAGE,650.0,39.8,132145308,2018-04-25T18:00:00.000-07:00,F,0,2,1,727.58,18.45,,NOT_VERIFIED,,2018-04-25T18:00:00.000-07:00,20000.0,3916.0,148295020,103.0,136,3,3,2,0.0,31.0,65.0,,3.0,3,,3.0,31.0,1,2,4,2,8,5,10,22,4,13,0.0,0,0,3,13,2,3,1,3,2,3,93,50.0,0,0,debt_consolidation,APPROVED,2018-04-25T14:45:39.000-07:00,7420.0,,23.6,,,,,,,,,,,,,1.36,D2,0,36,0,15855,52590,29,15855,8435.0,12200,0,21190,31400
66,0,1,2018-04-24T14:46:15.000-07:00,NH,033xx,72.8,111300.0,,INDIVIDUAL,5262,1743,95.3,0,0,2018-04-24T10:56:59.000-07:00,0,0.0,,CASH,21.46,,1997-10-23T17:00:00.000-07:00,36.0,Sr Programmer Analyst,2018-05-25T18:00:00.000-07:00,6.8,684,680,12850.0,C,RENT,500.0,49.8,132184789,2018-04-25T18:00:00.000-07:00,F,0,1,0,1197.41,14.07,,NOT_VERIFIED,,2018-04-25T18:00:00.000-07:00,35000.0,10382.0,148340176,127.0,246,10,10,0,0.0,,,,29.0,10,,10.0,,0,6,10,6,7,4,11,13,10,13,0.0,0,0,1,13,0,2,0,0,1,1,100,83.3,0,0,credit_card,APPROVED,2018-04-25T17:23:37.000-07:00,49448.0,,88.5,,,,,,,,,,,,,1.13,C3,0,36,0,68407,93993,17,68407,18959.0,37300,3,38093,55900
67,0,3,2018-04-20T06:29:11.000-07:00,WV,255xx,89.0,67200.0,,INDIVIDUAL,8658,4700,87.0,0,0,2018-04-20T06:25:07.000-07:00,0,0.0,,CASH,29.09,,2004-10-19T17:00:00.000-07:00,120.0,owner,2018-05-25T18:00:00.000-07:00,5.71,694,690,5850.0,C,MORTGAGE,1500.0,87.0,131993289,2018-04-25T18:00:00.000-07:00,F,0,2,0,699.14,14.07,,NOT_VERIFIED,,2018-04-25T18:00:00.000-07:00,30000.0,9917.0,148069628,156.0,162,7,7,2,0.0,,,,24.0,22,,3.0,,0,8,10,8,8,2,10,12,9,12,,0,0,1,12,0,2,0,1,1,2,100,62.5,0,0,credit_card,APPROVED,2018-04-25T14:06:18.000-07:00,49081.0,,89.0,,,,,,,,,,,,,0.78,C3,0,60,0,103903,118220,16,103903,54822.0,37600,0,63020,55200
68,0,9,2018-04-24T08:56:48.000-07:00,MD,207xx,20.4,95000.0,,INDIVIDUAL,11049,144953,14.7,0,0,2018-04-23T05:34:59.000-07:00,2,0.0,,DIRECT_PAY,27.0,,2002-01-22T16:00:00.000-08:00,120.0,Super Intendent,2018-05-25T18:00:00.000-07:00,6.8,719,715,1325.0,C,MORTGAGE,2300.0,,132110162,2018-04-25T18:00:00.000-07:00,F,1,4,2,1019.22,13.58,,NOT_VERIFIED,,2018-04-25T18:00:00.000-07:00,30000.0,6135.0,148248093,195.0,178,2,2,2,2329.08,16.0,,,6.0,2,16.0,4.0,16.0,0,16,24,23,30,36,37,55,24,39,0.0,0,0,5,39,3,1,1,1,4,7,95,8.7,0,0,debt_consolidation,APPROVED,2018-04-25T14:35:39.000-07:00,45768.0,,20.4,,,,,,,,,,,,,1.13,C2,0,36,0,408801,603182,94,81725,35957.0,169900,10,39782,224500
69,0,5,2018-04-21T15:17:45.000-07:00,GA,300xx,55.6,75000.0,,INDIVIDUAL,8191,6760,75.4,0,0,2018-04-21T14:34:29.000-07:00,1,0.0,,DIRECT_PAY,20.72,,2006-09-20T17:00:00.000-07:00,12.0,Systems Engineer,2018-05-25T18:00:00.000-07:00,6.8,674,670,2400.0,C,RENT,900.0,52.0,132053519,2018-04-25T18:00:00.000-07:00,F,1,3,0,1087.17,13.58,,SOURCE_VERIFIED,,2018-04-25T18:00:00.000-07:00,32000.0,10001.0,148202203,139.0,135,9,8,0,0.0,12.0,12.0,,8.0,15,12.0,1.0,12.0,0,3,3,4,7,6,9,12,3,12,0.0,0,1,3,12,0,3,1,1,2,4,88,50.0,0,0,debt_consolidation,APPROVED,2018-04-25T14:19:37.000-07:00,20740.0,,58.8,,,,,,,,,,,,,1.13,C2,0,36,0,98293,119953,18,98293,77553.0,27500,0,84653,35300
70,0,7,2018-04-23T09:14:42.000-07:00,AZ,853xx,24.5,75000.0,,INDIVIDUAL,43919,27634,24.5,0,0,2018-04-23T09:11:23.000-07:00,0,0.0,,CASH,13.23,,2007-06-22T17:00:00.000-07:00,120.0,Configuration analyst,2018-05-25T18:00:00.000-07:00,4.02,699,695,6100.0,B,OWN,,,132117887,2018-04-25T18:00:00.000-07:00,F,2,12,2,763.48,9.92,,NOT_VERIFIED,,2018-04-25T18:00:00.000-07:00,36000.0,6161.0,148267979,92.0,130,3,3,7,1876.25,,,97.0,11.0,11,,0.0,,0,3,3,5,8,15,6,14,3,8,0.0,0,0,4,8,2,1,1,2,2,3,100,0.0,1,1,home_improvement,APPROVED,2018-04-25T14:12:37.000-07:00,8966.0,,24.5,,,,,,,,,,,,,0.68,B2,0,60,0,351350,429439,36,48476,39510.0,36600,16,44839,80600
71,0,4,2018-04-23T14:14:03.000-07:00,CA,940xx,67.9,118560.0,177337.0,JOINT,4804,4855,78.1,0,0,2018-04-23T13:53:07.000-07:00,0,0.0,,CASH,9.71,13.05,1996-08-22T17:00:00.000-07:00,12.0,Nurse,2018-05-25T18:00:00.000-07:00,3.8,734,730,7450.0,B,RENT,2300.0,68.7,132129073,2018-04-25T18:00:00.000-07:00,F,2,0,0,1298.41,10.41,,VERIFIED,SOURCE_VERIFIED,2018-04-25T18:00:00.000-07:00,40000.0,13550.0,148294214,21.0,260,9,9,0,0.0,,,,21.0,9,,21.0,,0,3,4,4,4,1,6,9,4,7,0.0,0,0,2,7,0,1,0,1,2,3,100,50.0,0,0,debt_consolidation,APPROVED,2018-04-25T14:54:24.000-07:00,17347.0,34352.0,67.2,0.0,0.0,2014-10-22T17:00:00.000-07:00,624.0,620.0,0.0,0.0,,6.0,7.0,1.0,91.2,0.96,B3,0,36,0,33629,49517,10,33629,16282.0,22200,0,23717,25800
72,0,2,2018-04-22T07:24:20.000-07:00,NY,113xx,75.0,250000.0,,INDIVIDUAL,44224,10800,75.0,0,0,2018-04-22T07:19:28.000-07:00,1,0.0,,CASH,15.32,,1991-09-21T17:00:00.000-07:00,24.0,PRESIDENT,2018-05-25T18:00:00.000-07:00,6.8,679,675,1425.0,C,MORTGAGE,3850.0,89.0,132061908,2018-04-25T18:00:00.000-07:00,F,0,4,3,1230.67,16.01,,NOT_VERIFIED,,2018-04-25T18:00:00.000-07:00,35000.0,21341.0,148211648,319.0,196,23,9,2,3958.33,2.0,59.0,,40.0,23,63.0,3.0,63.0,9,4,4,4,5,18,4,6,3,18,,0,0,1,18,0,13,0,0,0,1,27,50.0,0,0,small_business,APPROVED,2018-04-25T14:54:13.000-07:00,32279.0,,75.0,,,,,,,,,,,,,1.13,C5,0,36,0,796046,831455,26,183431,151152.0,43200,0,170255,43200
73,0,3,2018-04-25T16:45:39.000-07:00,TX,787xx,56.9,70000.0,,INDIVIDUAL,4054,28104,56.3,0,0,2018-04-22T17:20:03.000-07:00,0,0.0,,CASH,25.72,,2004-04-22T17:00:00.000-07:00,12.0,Police Officer ,2018-05-25T18:00:00.000-07:00,6.8,664,660,1075.0,C,RENT,0.0,58.9,132079103,2018-04-25T18:00:00.000-07:00,F,0,3,1,1197.41,14.07,,SOURCE_VERIFIED,,2018-04-25T18:00:00.000-07:00,35000.0,12989.0,148240958,168.0,51,2,2,0,0.0,,,,20.0,2,,2.0,,0,7,7,7,7,14,8,8,7,17,0.0,0,0,2,17,2,8,0,1,1,1,100,57.1,0,0,debt_consolidation,APPROVED,2018-04-25T16:52:27.000-07:00,36196.0,,54.3,,,,,,,,,,,,,1.13,C3,0,36,0,68918,121022,23,68918,31014.0,64300,0,52689,66600
